289, 1066 
289, 1066 
 
289, 1066 
289, 1066 
 
289, 1066 
289, 1066 
293, 387 
 
289, 1066 
289, 1066 
 
290, 1066 
290, 1066 
290, 386 
 
289, 1066 
289, 1066 
 
290, 1067 
290, 1067 
 
290, 1067 
290, 1067 
 
290, 1066 
290, 1066 
 
290, 1067 
290, 1067 
 
290, 1067 
290, 1067 
299, 380 
 
290, 1066 
290, 1066 
296, 384 
 
290, 1066 
290, 1066 
 
290, 1066 
290, 1066 
289, 392 
 
290, 1066 
290, 1066 
287, 388 
385, 23 
385, 23 
 
290, 1066 
290, 1066 
 
290, 1066 
290, 1066 
293, 383 
 
290, 1066 
290, 1066 
383, 21 
383, 21 
 
290, 1066 
290, 1066 
298, 386 
379, 25 
379, 25 
 
290, 1066 
290, 1066 
377, 26 
377, 26 
 
290, 1066 
290, 1066 
304, 375 
383, 23 
383, 23 
 
290, 1066 
290, 1066 
301, 383 
377, 26 
377, 26 
 
290, 1066 
290, 1066 
378, 22 
378, 22 
 
290, 1066 
290, 1066 
382, 23 
382, 23 
 
1808, 1069 
290, 1066 
290, 1066 
383, 21 
383, 21 
 
290, 1066 
290, 1066 
 
290, 1066 
290, 1066 
377, 24 
377, 24 
 
290, 1066 
290, 1066 
302, 377 
382, 23 
382, 23 
 
290, 1066 
290, 1066 
281, 464 
294, 391 
380, 25 
380, 25 
 
289, 1066 
289, 1066 
293, 383 
 
290, 1066 
290, 1066 
379, 24 
379, 24 
 
290, 1066 
290, 1066 
380, 25 
380, 25 
 
290, 1066 
290, 1066 
381, 25 
381, 25 
 
290, 1066 
290, 1066 
380, 25 
380, 25 
 
290, 1066 
290, 1066 
382, 24 
382, 24 
 
289, 1066 
289, 1066 
380, 25 
380, 25 
 
