381, 661 
993, 578 
736, 546 
444, 528 
1201, 480 
1026, 476 
817, 429 
1027, 381 
994, 305 
675, 287 
616, 283 
880, 249 
567, 221 
1100, 211 
680, 171 
 
380, 661 
992, 579 
444, 529 
158, 497 
1201, 486 
324, 487 
1026, 476 
817, 429 
1029, 380 
994, 305 
674, 286 
616, 284 
880, 249 
567, 222 
1099, 211 
680, 171 
 
378, 662 
992, 581 
445, 530 
160, 497 
1201, 490 
1026, 476 
817, 429 
1028, 379 
995, 305 
673, 285 
614, 285 
880, 249 
566, 222 
1098, 213 
681, 172 
 
376, 662 
992, 582 
737, 545 
446, 530 
162, 497 
1201, 493 
1026, 476 
816, 428 
1028, 377 
996, 305 
673, 285 
613, 286 
881, 250 
565, 223 
1096, 214 
681, 172 
 
993, 584 
737, 545 
447, 531 
164, 497 
1201, 496 
1026, 476 
816, 428 
1028, 376 
997, 305 
613, 287 
672, 284 
881, 250 
564, 223 
1095, 215 
681, 172 
 
373, 663 
994, 585 
447, 532 
166, 497 
1200, 498 
1027, 477 
239, 421 
816, 427 
1028, 375 
998, 304 
612, 288 
671, 283 
882, 250 
564, 224 
1090, 219 
681, 172 
 
371, 663 
995, 587 
447, 532 
168, 497 
1027, 477 
816, 427 
1028, 374 
212, 369 
999, 304 
611, 288 
669, 282 
882, 249 
563, 224 
1088, 220 
681, 172 
 
370, 664 
945, 645 
995, 588 
449, 533 
1067, 518 
1198, 522 
170, 498 
1028, 479 
816, 427 
1028, 372 
1000, 304 
610, 289 
668, 282 
882, 249 
562, 225 
1086, 222 
681, 172 
 
368, 664 
948, 645 
996, 589 
1196, 528 
449, 533 
1066, 518 
172, 498 
1027, 478 
816, 427 
1028, 371 
1000, 304 
609, 290 
666, 281 
882, 249 
561, 225 
681, 172 
389, 111 
 
366, 665 
952, 644 
997, 590 
1195, 532 
173, 498 
1030, 478 
242, 412 
817, 426 
1028, 370 
1001, 303 
608, 290 
665, 281 
883, 249 
559, 225 
1083, 224 
681, 172 
 
365, 665 
997, 591 
1195, 535 
739, 543 
449, 534 
175, 497 
1035, 479 
817, 426 
817, 426 
1028, 369 
1002, 303 
607, 291 
663, 281 
883, 249 
559, 226 
1082, 224 
681, 171 
398, 108 
 
363, 665 
1000, 599 
451, 535 
177, 497 
1037, 477 
819, 426 
1028, 368 
1003, 303 
605, 291 
661, 280 
883, 248 
557, 226 
1082, 225 
681, 172 
401, 107 
 
362, 665 
947, 641 
1040, 598 
1001, 600 
1193, 539 
447, 557 
178, 497 
1036, 476 
820, 425 
1028, 367 
1003, 303 
605, 292 
660, 281 
883, 248 
556, 226 
1082, 225 
680, 171 
 
361, 666 
948, 640 
1041, 600 
1001, 601 
1193, 541 
448, 557 
1062, 531 
179, 497 
1034, 476 
821, 424 
1027, 366 
1004, 302 
604, 293 
658, 281 
883, 248 
555, 226 
1081, 225 
681, 171 
400, 108 
 
359, 666 
950, 640 
1042, 601 
1000, 600 
1192, 543 
450, 557 
1064, 533 
181, 497 
1034, 480 
821, 423 
1027, 364 
1004, 302 
603, 293 
657, 283 
883, 247 
554, 227 
1080, 226 
682, 171 
 
953, 639 
1042, 601 
1000, 600 
1192, 546 
451, 557 
183, 496 
853, 427 
773, 415 
1028, 364 
1004, 302 
602, 293 
656, 285 
883, 247 
553, 227 
1079, 226 
682, 171 
 
357, 667 
1042, 601 
1000, 601 
1191, 548 
1066, 548 
452, 557 
185, 496 
853, 426 
772, 414 
1029, 363 
1005, 302 
601, 294 
655, 288 
883, 247 
552, 228 
1078, 227 
682, 171 
 
356, 667 
1042, 601 
1000, 602 
1191, 549 
1066, 549 
454, 557 
187, 496 
854, 426 
771, 413 
1033, 364 
1007, 302 
600, 295 
654, 291 
883, 246 
551, 229 
1077, 228 
683, 171 
 
354, 667 
960, 637 
1042, 601 
1000, 603 
1189, 548 
1067, 550 
455, 557 
740, 541 
189, 495 
854, 425 
772, 413 
1035, 364 
1008, 302 
599, 296 
654, 294 
883, 245 
551, 230 
1075, 229 
682, 170 
 
502, 605 
1000, 604 
1068, 551 
456, 556 
740, 541 
191, 495 
854, 424 
772, 413 
1038, 363 
598, 297 
1008, 303 
653, 295 
882, 245 
549, 230 
1073, 231 
682, 170 
383, 108 
 
1000, 604 
1070, 547 
457, 556 
740, 541 
191, 495 
853, 423 
772, 413 
1041, 363 
212, 362 
598, 298 
1008, 303 
652, 296 
883, 245 
548, 230 
1069, 234 
682, 170 
389, 110 
 
351, 667 
1000, 604 
1071, 550 
469, 532 
741, 541 
193, 495 
854, 422 
771, 412 
1043, 362 
598, 300 
1008, 304 
651, 297 
884, 246 
547, 230 
1068, 234 
682, 170 
385, 110 
 
349, 667 
999, 603 
1073, 553 
459, 555 
741, 541 
198, 493 
854, 421 
771, 411 
1044, 361 
598, 301 
650, 298 
1008, 305 
885, 245 
545, 230 
1066, 235 
682, 170 
 
348, 667 
999, 604 
1074, 555 
471, 531 
741, 541 
200, 492 
886, 475 
855, 419 
771, 411 
1046, 360 
597, 302 
650, 299 
1008, 307 
886, 245 
544, 230 
1065, 236 
682, 170 
 
348, 667 
998, 604 
1075, 557 
472, 530 
741, 541 
203, 492 
887, 475 
859, 416 
771, 411 
208, 366 
597, 303 
649, 300 
1025, 331 
888, 245 
543, 230 
1065, 236 
681, 169 
 
347, 666 
998, 604 
1076, 559 
473, 530 
742, 541 
890, 475 
206, 494 
860, 415 
771, 410 
597, 305 
648, 300 
1025, 332 
890, 244 
541, 230 
1065, 236 
681, 169 
 
345, 666 
998, 605 
1077, 561 
474, 529 
742, 542 
891, 475 
208, 496 
861, 413 
770, 409 
597, 306 
648, 301 
1026, 332 
891, 244 
540, 230 
1064, 236 
681, 169 
 
344, 666 
980, 638 
997, 605 
1078, 563 
475, 528 
742, 542 
894, 474 
209, 498 
862, 412 
770, 409 
597, 307 
647, 301 
1026, 333 
892, 243 
539, 230 
1063, 237 
680, 169 
 
342, 665 
982, 638 
997, 606 
1079, 564 
476, 527 
742, 542 
896, 474 
211, 505 
863, 410 
770, 409 
596, 308 
646, 301 
1026, 333 
893, 243 
537, 230 
1062, 238 
 
341, 665 
991, 619 
991, 619 
1080, 566 
477, 526 
743, 542 
898, 473 
212, 510 
770, 408 
863, 408 
596, 309 
646, 302 
1026, 333 
896, 243 
536, 231 
1060, 240 
680, 169 
 
340, 666 
991, 620 
1080, 568 
478, 526 
743, 542 
900, 473 
212, 515 
770, 408 
864, 407 
1055, 356 
595, 310 
645, 302 
1005, 317 
897, 242 
535, 232 
1057, 242 
 
338, 666 
991, 620 
991, 620 
1081, 570 
743, 543 
478, 525 
902, 473 
212, 521 
865, 405 
770, 407 
1056, 355 
595, 312 
644, 302 
1004, 319 
900, 241 
1052, 245 
534, 232 
681, 169 
 
338, 666 
991, 620 
511, 599 
1082, 571 
743, 543 
479, 524 
211, 526 
904, 473 
866, 404 
770, 407 
1056, 355 
594, 313 
644, 302 
1004, 320 
902, 241 
1050, 247 
533, 233 
680, 169 
 
336, 666 
991, 621 
512, 599 
1082, 573 
744, 543 
480, 523 
211, 530 
905, 472 
866, 402 
770, 406 
1057, 354 
209, 363 
594, 314 
1003, 321 
643, 302 
905, 240 
1048, 248 
532, 234 
679, 168 
 
335, 667 
991, 620 
512, 598 
1082, 574 
744, 543 
480, 522 
209, 553 
906, 472 
867, 401 
770, 407 
1058, 353 
593, 315 
1002, 322 
642, 302 
907, 239 
1047, 250 
530, 235 
678, 168 
 
334, 667 
992, 618 
513, 598 
744, 543 
481, 522 
208, 555 
208, 555 
908, 471 
770, 407 
868, 400 
1059, 353 
593, 316 
1002, 323 
641, 302 
909, 238 
1045, 251 
529, 236 
678, 168 
 
332, 668 
992, 614 
514, 598 
1083, 576 
482, 521 
208, 558 
208, 558 
909, 471 
201, 417 
771, 408 
868, 398 
1059, 353 
592, 317 
1001, 323 
641, 302 
911, 237 
1044, 252 
528, 237 
677, 168 
 
329, 668 
993, 613 
517, 598 
1083, 577 
340, 543 
744, 543 
483, 520 
208, 560 
910, 470 
771, 408 
869, 397 
1060, 352 
591, 318 
640, 303 
1000, 324 
913, 236 
1043, 253 
526, 237 
677, 168 
398, 107 
 
328, 669 
517, 598 
993, 613 
342, 544 
1081, 575 
744, 543 
483, 520 
209, 563 
911, 470 
772, 409 
869, 396 
213, 364 
1060, 352 
591, 319 
641, 303 
1000, 325 
915, 235 
1041, 255 
526, 238 
676, 168 
 
326, 669 
518, 597 
344, 545 
1081, 574 
745, 543 
484, 519 
209, 565 
912, 469 
772, 409 
870, 395 
1060, 351 
590, 319 
643, 303 
998, 326 
916, 234 
1040, 256 
525, 239 
676, 168 
 
324, 668 
518, 597 
346, 545 
1081, 575 
745, 543 
209, 567 
484, 518 
912, 468 
772, 409 
870, 393 
1061, 351 
589, 320 
645, 303 
998, 326 
917, 233 
524, 240 
1039, 257 
676, 168 
 
984, 657 
322, 666 
518, 597 
1081, 575 
745, 543 
209, 570 
485, 517 
913, 468 
773, 409 
871, 392 
1061, 350 
589, 321 
648, 302 
997, 327 
919, 232 
523, 241 
1038, 258 
676, 168 
 
987, 657 
992, 612 
518, 597 
1081, 575 
209, 574 
745, 543 
485, 517 
914, 467 
773, 409 
871, 391 
1061, 350 
588, 322 
650, 302 
919, 231 
523, 243 
1017, 293 
1017, 293 
676, 168 
 
519, 597 
1082, 576 
209, 576 
745, 543 
486, 516 
914, 466 
773, 409 
872, 390 
1062, 349 
212, 349 
588, 323 
652, 303 
921, 230 
1015, 295 
1015, 295 
522, 243 
676, 168 
 
1021, 690 
519, 597 
1083, 578 
208, 580 
745, 543 
486, 516 
915, 465 
773, 409 
873, 388 
211, 356 
1063, 349 
586, 324 
653, 302 
1014, 296 
1014, 296 
921, 229 
521, 244 
676, 168 
 
1021, 690 
994, 613 
519, 597 
1085, 582 
208, 582 
746, 543 
487, 515 
915, 464 
773, 409 
873, 387 
1064, 349 
586, 325 
655, 303 
1012, 298 
1012, 298 
922, 228 
520, 244 
675, 168 
 
1022, 691 
994, 614 
519, 597 
1086, 583 
209, 584 
746, 543 
488, 514 
916, 464 
773, 408 
873, 386 
212, 367 
1065, 348 
585, 326 
656, 303 
1008, 302 
1008, 302 
519, 244 
675, 168 
 
1022, 693 
992, 661 
995, 614 
519, 597 
1088, 584 
209, 586 
746, 543 
488, 514 
916, 463 
773, 408 
873, 385 
213, 369 
1067, 348 
585, 327 
658, 303 
1006, 303 
1006, 303 
518, 245 
675, 169 
 
1022, 695 
996, 661 
994, 614 
519, 597 
1088, 584 
746, 543 
489, 513 
916, 462 
773, 408 
874, 383 
1068, 348 
585, 328 
983, 335 
659, 303 
1026, 271 
518, 246 
675, 169 
 
1022, 696 
999, 661 
995, 615 
519, 597 
746, 543 
489, 513 
916, 461 
773, 409 
874, 382 
1069, 348 
979, 336 
584, 329 
660, 304 
1025, 272 
517, 247 
674, 170 
 
1022, 697 
1004, 661 
995, 615 
520, 597 
747, 543 
490, 512 
917, 460 
773, 408 
874, 381 
1070, 348 
976, 336 
583, 329 
661, 304 
1024, 273 
517, 247 
924, 224 
674, 170 
 
308, 659 
995, 615 
520, 597 
747, 543 
490, 511 
916, 459 
773, 408 
874, 380 
1071, 348 
972, 336 
583, 330 
662, 304 
1024, 273 
517, 248 
925, 223 
674, 170 
 
1022, 697 
995, 615 
520, 597 
747, 542 
491, 511 
917, 458 
773, 408 
875, 378 
1072, 348 
969, 337 
582, 331 
662, 303 
1023, 274 
517, 249 
926, 223 
674, 171 
 
995, 615 
520, 597 
747, 542 
491, 510 
917, 457 
203, 412 
772, 407 
875, 377 
1073, 348 
213, 350 
966, 336 
582, 332 
663, 303 
1022, 274 
517, 249 
927, 222 
673, 171 
 
305, 656 
995, 615 
1108, 590 
520, 597 
747, 542 
492, 510 
916, 456 
204, 419 
772, 407 
875, 376 
1074, 348 
212, 351 
963, 336 
583, 334 
663, 303 
1022, 275 
516, 249 
929, 221 
673, 172 
 
996, 615 
1109, 589 
520, 597 
492, 510 
916, 455 
772, 407 
875, 375 
1074, 348 
960, 336 
582, 335 
663, 303 
1021, 276 
516, 250 
931, 220 
672, 172 
 
303, 653 
996, 615 
1110, 588 
520, 597 
492, 509 
916, 454 
771, 406 
876, 373 
1075, 348 
957, 335 
581, 336 
664, 303 
1021, 276 
516, 250 
933, 220 
672, 173 
 
307, 651 
996, 615 
1112, 588 
520, 597 
492, 509 
915, 453 
771, 406 
876, 372 
1075, 348 
955, 335 
581, 337 
663, 303 
1020, 277 
516, 250 
934, 220 
671, 173 
 
307, 649 
996, 616 
1112, 587 
520, 597 
493, 509 
915, 452 
771, 406 
876, 371 
1076, 348 
952, 334 
580, 338 
663, 303 
1019, 278 
515, 250 
935, 219 
670, 173 
 
997, 616 
520, 597 
493, 509 
916, 451 
770, 405 
876, 370 
1076, 348 
948, 334 
580, 339 
663, 303 
1019, 278 
514, 250 
936, 219 
669, 172 
 
309, 648 
997, 616 
520, 598 
383, 550 
748, 541 
493, 509 
916, 450 
770, 405 
876, 369 
1077, 348 
945, 333 
579, 340 
664, 303 
1018, 279 
513, 250 
936, 219 
669, 172 
 
310, 647 
997, 616 
1266, 608 
521, 598 
385, 551 
493, 509 
917, 450 
769, 405 
876, 368 
1077, 349 
942, 332 
578, 341 
663, 302 
1018, 279 
512, 250 
937, 220 
669, 173 
 
310, 647 
997, 616 
521, 598 
1125, 582 
387, 551 
493, 509 
917, 450 
769, 405 
877, 366 
1077, 349 
578, 342 
938, 331 
663, 302 
1017, 280 
512, 250 
938, 221 
669, 174 
 
310, 648 
997, 616 
520, 598 
1128, 581 
389, 551 
749, 541 
493, 509 
918, 451 
768, 404 
879, 365 
1077, 349 
577, 342 
935, 330 
663, 302 
1016, 281 
511, 250 
938, 221 
668, 175 
 
1066, 667 
997, 616 
521, 598 
1132, 579 
393, 552 
749, 541 
494, 508 
920, 453 
767, 403 
880, 364 
1077, 349 
577, 343 
932, 329 
663, 302 
1016, 281 
510, 250 
939, 222 
668, 175 
 
1069, 667 
997, 616 
521, 598 
1135, 577 
408, 566 
749, 541 
495, 506 
922, 454 
767, 403 
882, 364 
1076, 350 
577, 345 
928, 328 
663, 301 
1015, 282 
509, 249 
940, 223 
667, 176 
 
1025, 700 
1072, 667 
997, 616 
521, 598 
211, 619 
1137, 576 
409, 566 
750, 542 
496, 505 
923, 454 
766, 403 
884, 364 
1077, 350 
576, 346 
924, 328 
662, 301 
1015, 283 
508, 249 
940, 223 
666, 177 
 
1076, 667 
312, 638 
997, 616 
521, 598 
211, 620 
1140, 575 
410, 566 
750, 542 
497, 505 
924, 455 
766, 403 
886, 364 
1076, 350 
576, 346 
920, 327 
662, 300 
1014, 284 
507, 248 
940, 224 
665, 177 
 
1026, 700 
1079, 668 
315, 628 
997, 616 
212, 623 
521, 598 
1143, 574 
410, 567 
750, 542 
498, 504 
924, 455 
765, 402 
212, 365 
887, 364 
1076, 351 
575, 348 
916, 325 
662, 300 
1013, 285 
941, 225 
665, 178 
 
1082, 668 
315, 627 
997, 616 
214, 625 
521, 599 
1146, 574 
412, 567 
751, 543 
501, 501 
925, 455 
764, 402 
889, 364 
1076, 351 
575, 349 
912, 324 
662, 299 
1013, 285 
507, 248 
941, 225 
664, 179 
 
1084, 667 
999, 628 
316, 622 
215, 629 
521, 599 
1147, 573 
412, 567 
751, 544 
501, 501 
926, 455 
764, 402 
891, 365 
1076, 352 
574, 350 
908, 322 
661, 299 
1012, 286 
508, 247 
941, 226 
663, 180 
 
1088, 667 
521, 599 
1148, 572 
414, 568 
751, 544 
502, 500 
927, 455 
763, 402 
893, 365 
1075, 352 
573, 350 
212, 354 
904, 321 
661, 298 
1012, 287 
510, 247 
942, 227 
662, 181 
 
1028, 700 
1092, 667 
1000, 629 
218, 636 
521, 599 
1148, 571 
416, 567 
752, 544 
503, 499 
927, 455 
763, 402 
894, 366 
1075, 353 
572, 350 
899, 319 
662, 297 
1011, 288 
512, 246 
942, 227 
662, 182 
 
1028, 699 
1095, 667 
219, 639 
522, 599 
1150, 571 
416, 567 
752, 545 
504, 499 
927, 455 
763, 402 
896, 366 
1074, 353 
571, 350 
214, 353 
896, 318 
662, 296 
1011, 289 
514, 245 
942, 228 
660, 183 
 
1097, 667 
1000, 629 
220, 641 
522, 599 
1151, 570 
418, 568 
752, 545 
505, 498 
928, 455 
762, 402 
897, 367 
1074, 354 
570, 350 
891, 317 
662, 295 
1010, 290 
515, 244 
942, 228 
660, 184 
 
1099, 667 
221, 643 
997, 616 
522, 599 
1152, 569 
419, 569 
753, 545 
505, 498 
928, 455 
762, 402 
899, 368 
1074, 354 
569, 350 
888, 315 
662, 293 
516, 243 
942, 228 
659, 184 
 
1102, 667 
218, 636 
997, 616 
522, 599 
1154, 568 
420, 570 
753, 546 
506, 497 
928, 455 
762, 402 
1073, 355 
898, 367 
568, 351 
884, 314 
661, 292 
1007, 295 
518, 242 
942, 228 
658, 185 
 
1030, 702 
1106, 667 
217, 637 
998, 616 
522, 599 
1156, 568 
421, 571 
753, 546 
507, 496 
928, 454 
762, 403 
1072, 356 
898, 366 
567, 352 
881, 313 
661, 292 
1007, 296 
519, 241 
942, 228 
657, 187 
 
1032, 695 
1109, 669 
219, 638 
998, 616 
522, 599 
1157, 567 
422, 571 
753, 546 
510, 494 
928, 454 
203, 395 
761, 403 
1071, 356 
566, 353 
660, 290 
1007, 297 
519, 240 
942, 228 
656, 188 
 
1031, 701 
1106, 670 
220, 639 
998, 616 
522, 599 
1158, 567 
422, 570 
754, 546 
512, 493 
928, 454 
202, 409 
761, 403 
1071, 357 
565, 353 
660, 289 
1006, 299 
519, 239 
941, 228 
655, 189 
 
1107, 673 
220, 640 
522, 599 
1159, 566 
422, 568 
754, 546 
515, 492 
928, 454 
761, 403 
1070, 357 
564, 354 
660, 288 
1006, 301 
521, 238 
941, 229 
655, 191 
 
1032, 701 
1111, 674 
220, 641 
999, 616 
522, 599 
1161, 566 
422, 568 
754, 546 
519, 490 
928, 453 
761, 404 
1069, 358 
563, 355 
660, 288 
1005, 303 
521, 237 
941, 229 
655, 192 
 
1033, 701 
220, 642 
999, 616 
523, 599 
424, 569 
754, 546 
521, 489 
928, 453 
760, 404 
1068, 359 
562, 356 
887, 342 
887, 342 
660, 287 
1005, 305 
522, 236 
941, 229 
654, 194 
 
1034, 701 
1124, 667 
522, 599 
427, 571 
754, 547 
523, 488 
927, 453 
760, 404 
1067, 360 
561, 356 
886, 342 
886, 342 
660, 286 
1004, 307 
523, 235 
940, 229 
654, 195 
 
1034, 701 
1127, 665 
523, 600 
342, 572 
430, 575 
754, 547 
525, 487 
927, 452 
759, 404 
908, 372 
1067, 360 
213, 355 
560, 357 
859, 307 
660, 285 
1004, 309 
523, 233 
940, 229 
654, 196 
 
1035, 701 
1131, 663 
1000, 615 
523, 599 
345, 571 
432, 577 
755, 547 
527, 486 
927, 452 
759, 404 
909, 372 
1066, 361 
559, 358 
856, 306 
660, 285 
1004, 309 
523, 232 
939, 228 
653, 197 
 
1035, 700 
1135, 659 
523, 599 
348, 571 
434, 578 
755, 547 
529, 485 
926, 451 
758, 404 
910, 373 
1064, 362 
558, 359 
853, 305 
660, 284 
1002, 314 
524, 231 
939, 227 
653, 198 
 
1035, 700 
1139, 656 
523, 599 
436, 579 
755, 547 
530, 484 
926, 451 
757, 404 
910, 373 
1064, 362 
557, 359 
212, 361 
850, 305 
660, 284 
1001, 316 
524, 230 
938, 226 
643, 202 
 
1034, 701 
1143, 652 
1001, 616 
523, 599 
437, 580 
755, 547 
532, 483 
926, 451 
757, 404 
912, 373 
1063, 363 
556, 360 
848, 305 
659, 284 
1001, 318 
524, 229 
936, 225 
643, 203 
 
1034, 701 
1147, 648 
1002, 616 
523, 599 
438, 580 
755, 547 
535, 483 
925, 450 
756, 404 
555, 362 
1062, 364 
912, 374 
844, 305 
659, 284 
1000, 321 
183, 272 
523, 228 
936, 225 
643, 204 
 
1033, 701 
1151, 644 
524, 600 
438, 579 
755, 547 
537, 482 
924, 450 
756, 404 
914, 375 
1061, 365 
554, 362 
842, 305 
1000, 323 
659, 283 
184, 271 
523, 227 
935, 225 
643, 204 
 
1033, 701 
1155, 640 
524, 600 
755, 547 
539, 481 
924, 449 
755, 404 
918, 376 
1059, 366 
553, 363 
839, 306 
1000, 326 
658, 283 
181, 273 
522, 226 
934, 225 
643, 205 
 
1033, 702 
1159, 637 
1003, 616 
524, 599 
755, 547 
542, 480 
923, 449 
754, 404 
923, 376 
552, 364 
1058, 366 
837, 306 
1000, 327 
168, 294 
658, 282 
522, 224 
934, 225 
642, 205 
 
1035, 702 
1003, 616 
524, 599 
443, 581 
755, 547 
543, 480 
922, 448 
754, 404 
933, 376 
551, 364 
1057, 367 
834, 306 
1000, 328 
658, 282 
168, 296 
521, 224 
934, 226 
642, 206 
182, 132 
 
1038, 701 
524, 599 
445, 584 
755, 547 
545, 479 
922, 447 
753, 404 
941, 376 
549, 365 
1056, 367 
832, 306 
1000, 330 
659, 282 
179, 277 
521, 222 
934, 225 
642, 206 
 
1040, 703 
1170, 624 
524, 599 
447, 587 
755, 546 
547, 478 
921, 447 
753, 404 
549, 366 
1055, 368 
213, 359 
975, 353 
975, 353 
829, 306 
660, 282 
167, 295 
520, 221 
934, 225 
 
1040, 705 
1172, 623 
1003, 616 
524, 599 
448, 588 
755, 547 
550, 477 
920, 446 
202, 420 
752, 404 
547, 366 
1055, 370 
977, 355 
977, 355 
827, 307 
662, 281 
166, 298 
520, 220 
933, 225 
 
1173, 622 
1003, 616 
524, 599 
449, 590 
755, 547 
552, 476 
206, 435 
920, 446 
752, 405 
1054, 371 
546, 366 
979, 357 
979, 357 
824, 307 
662, 280 
166, 302 
520, 218 
933, 226 
641, 207 
 
1004, 616 
524, 599 
449, 592 
755, 547 
554, 475 
919, 445 
751, 405 
1054, 372 
545, 366 
982, 359 
982, 359 
165, 308 
822, 307 
662, 280 
519, 217 
933, 227 
641, 207 
 
1176, 620 
1007, 618 
524, 599 
450, 595 
755, 547 
556, 474 
918, 444 
750, 405 
1053, 374 
544, 366 
212, 354 
985, 361 
985, 361 
165, 306 
819, 307 
663, 279 
519, 216 
933, 228 
642, 208 
 
1007, 618 
524, 599 
450, 597 
755, 547 
557, 474 
917, 443 
749, 405 
543, 366 
212, 359 
1007, 365 
1007, 365 
817, 308 
664, 279 
518, 215 
934, 230 
643, 209 
178, 126 
 
1007, 618 
1181, 614 
524, 599 
450, 600 
755, 548 
559, 473 
916, 443 
748, 406 
542, 367 
1009, 365 
1009, 365 
814, 309 
664, 278 
518, 214 
934, 231 
643, 209 
 
1007, 618 
524, 599 
450, 601 
755, 548 
562, 473 
915, 442 
747, 406 
541, 368 
1010, 366 
1010, 366 
812, 309 
664, 278 
519, 211 
934, 233 
642, 209 
 
1008, 618 
524, 599 
449, 604 
755, 548 
564, 473 
915, 443 
747, 407 
540, 368 
1010, 368 
1010, 368 
810, 309 
664, 278 
520, 209 
934, 233 
642, 209 
 
1008, 618 
524, 599 
448, 608 
755, 549 
567, 473 
916, 446 
746, 407 
540, 369 
1010, 369 
1010, 369 
808, 310 
664, 278 
934, 234 
520, 208 
642, 209 
 
1009, 618 
524, 599 
447, 611 
1190, 603 
755, 548 
569, 473 
917, 448 
745, 407 
538, 369 
1012, 371 
1012, 371 
807, 309 
664, 277 
933, 234 
519, 207 
642, 210 
 
1010, 618 
524, 599 
447, 612 
1192, 602 
755, 549 
572, 474 
917, 449 
744, 407 
537, 369 
213, 367 
1014, 373 
1014, 373 
805, 310 
664, 277 
933, 235 
519, 205 
642, 210 
 
1010, 618 
524, 598 
447, 613 
755, 549 
574, 475 
917, 450 
743, 407 
213, 372 
536, 369 
1016, 377 
1016, 377 
803, 310 
664, 277 
932, 235 
519, 204 
642, 211 
 
1010, 618 
447, 614 
524, 598 
755, 549 
576, 476 
918, 451 
203, 415 
742, 407 
518, 374 
801, 310 
664, 277 
932, 235 
519, 203 
 
1011, 618 
524, 598 
447, 614 
755, 549 
578, 478 
918, 451 
741, 407 
517, 375 
799, 311 
664, 276 
931, 235 
520, 201 
 
1013, 619 
524, 598 
580, 479 
918, 452 
740, 407 
516, 375 
797, 311 
663, 276 
930, 235 
520, 200 
 
1016, 621 
524, 598 
755, 549 
582, 480 
919, 453 
739, 407 
516, 376 
212, 366 
796, 311 
662, 275 
930, 235 
520, 199 
 
1016, 620 
524, 597 
755, 549 
583, 481 
919, 454 
738, 406 
1040, 404 
1040, 404 
516, 376 
989, 374 
794, 311 
662, 275 
929, 235 
520, 198 
 
1016, 619 
524, 596 
1205, 590 
755, 549 
585, 482 
919, 455 
738, 407 
1042, 409 
1042, 409 
515, 377 
989, 376 
793, 311 
662, 275 
929, 235 
636, 211 
519, 196 
 
1017, 618 
524, 596 
755, 549 
586, 483 
919, 456 
1041, 430 
737, 406 
1049, 386 
515, 378 
988, 378 
791, 311 
661, 275 
928, 235 
518, 196 
 
1019, 618 
525, 596 
755, 549 
587, 484 
919, 457 
1043, 435 
736, 407 
1048, 386 
515, 379 
988, 381 
212, 351 
789, 311 
660, 274 
927, 235 
518, 194 
 
1019, 617 
525, 596 
755, 549 
589, 486 
919, 458 
1047, 441 
204, 418 
735, 406 
1047, 386 
515, 380 
987, 384 
788, 312 
659, 274 
927, 235 
636, 213 
518, 194 
 
1021, 615 
525, 596 
755, 549 
590, 487 
918, 458 
1047, 445 
734, 406 
1048, 387 
515, 380 
987, 385 
787, 311 
658, 273 
926, 234 
635, 213 
517, 193 
 
1024, 610 
525, 596 
419, 540 
754, 548 
592, 488 
918, 459 
1049, 452 
1048, 388 
733, 406 
515, 380 
213, 362 
987, 387 
786, 311 
657, 273 
925, 234 
635, 214 
517, 192 
 
1025, 610 
526, 596 
421, 540 
754, 548 
594, 490 
1051, 456 
917, 460 
1046, 387 
732, 406 
515, 381 
784, 310 
656, 273 
925, 235 
634, 214 
516, 191 
 
1025, 609 
526, 595 
423, 540 
754, 548 
1075, 510 
595, 491 
1053, 460 
917, 460 
1046, 387 
731, 406 
515, 381 
986, 392 
782, 311 
655, 272 
924, 234 
516, 190 
 
1026, 609 
527, 595 
1220, 577 
424, 539 
754, 548 
597, 492 
1064, 484 
916, 461 
1045, 387 
730, 406 
515, 381 
781, 311 
654, 272 
923, 234 
515, 189 
 
1027, 609 
498, 608 
552, 584 
1221, 575 
427, 538 
754, 548 
598, 493 
1068, 494 
916, 461 
1045, 388 
729, 406 
515, 382 
986, 396 
779, 311 
654, 272 
923, 234 
631, 213 
515, 188 
377, 110 
 
1026, 608 
498, 607 
553, 583 
1223, 574 
430, 537 
754, 548 
1076, 518 
600, 495 
915, 462 
1045, 388 
728, 406 
514, 382 
986, 398 
778, 311 
653, 271 
922, 233 
514, 187 
 
1025, 607 
499, 605 
553, 581 
1224, 572 
754, 548 
1079, 525 
601, 496 
914, 462 
1045, 388 
728, 406 
514, 383 
986, 400 
776, 311 
652, 271 
921, 233 
513, 187 
 
1025, 606 
499, 605 
554, 580 
1226, 570 
754, 548 
434, 535 
1081, 530 
603, 497 
914, 463 
727, 406 
1045, 388 
514, 383 
987, 401 
775, 311 
651, 270 
921, 233 
513, 186 
 
1023, 605 
499, 605 
555, 579 
754, 548 
438, 533 
1082, 536 
604, 498 
913, 463 
726, 406 
1045, 388 
514, 382 
988, 404 
774, 311 
650, 270 
920, 233 
512, 185 
 
1022, 604 
499, 605 
556, 579 
1229, 567 
754, 548 
440, 532 
1084, 541 
605, 499 
912, 463 
725, 406 
1045, 389 
988, 406 
514, 382 
214, 351 
773, 310 
649, 270 
919, 232 
511, 184 
 
1022, 603 
499, 605 
556, 578 
1230, 565 
754, 548 
1085, 546 
442, 532 
607, 500 
912, 463 
724, 405 
1045, 389 
989, 408 
514, 382 
212, 353 
772, 311 
648, 269 
919, 232 
625, 212 
510, 183 
 
1021, 602 
499, 605 
558, 578 
1232, 563 
755, 549 
444, 531 
608, 501 
911, 463 
1045, 390 
724, 406 
990, 410 
211, 354 
771, 311 
647, 269 
918, 232 
509, 182 
 
499, 605 
558, 578 
1233, 562 
755, 549 
446, 531 
610, 503 
910, 464 
1046, 390 
723, 406 
991, 413 
211, 360 
770, 310 
646, 268 
918, 232 
508, 182 
 
1019, 601 
499, 605 
559, 577 
1234, 561 
755, 549 
1086, 553 
611, 504 
909, 464 
1046, 390 
722, 405 
992, 414 
769, 310 
644, 268 
917, 233 
507, 181 
 
1018, 600 
499, 604 
559, 577 
755, 549 
1245, 546 
450, 528 
1088, 557 
613, 505 
908, 464 
1046, 390 
992, 416 
721, 405 
769, 310 
643, 268 
917, 233 
507, 180 
 
1018, 599 
499, 604 
560, 576 
755, 549 
1247, 544 
1090, 563 
453, 526 
614, 506 
907, 464 
1047, 390 
993, 418 
720, 405 
768, 310 
642, 267 
917, 235 
626, 215 
505, 179 
 
1017, 598 
499, 604 
560, 576 
755, 550 
1249, 543 
1091, 566 
616, 507 
907, 464 
1047, 390 
994, 419 
720, 406 
514, 381 
213, 355 
767, 310 
641, 267 
917, 235 
504, 178 
 
1017, 597 
499, 604 
560, 575 
755, 550 
617, 508 
906, 464 
994, 420 
1047, 390 
719, 407 
515, 380 
767, 310 
639, 266 
916, 235 
624, 212 
503, 178 
 
499, 605 
561, 575 
1093, 576 
755, 550 
1257, 531 
619, 509 
905, 464 
995, 422 
1047, 390 
719, 408 
515, 380 
767, 310 
638, 266 
916, 235 
503, 177 
 
926, 708 
1015, 596 
499, 605 
560, 574 
1093, 578 
755, 550 
620, 511 
904, 464 
995, 423 
1047, 390 
718, 407 
515, 380 
766, 310 
637, 266 
915, 235 
501, 176 
 
926, 707 
1014, 595 
499, 604 
561, 574 
1094, 580 
755, 550 
1258, 530 
622, 512 
903, 464 
996, 424 
718, 409 
1047, 389 
515, 379 
765, 309 
636, 266 
915, 236 
621, 212 
500, 175 
 
926, 707 
1025, 592 
499, 604 
561, 574 
1094, 582 
755, 550 
1254, 539 
624, 514 
902, 464 
996, 424 
717, 409 
1047, 389 
516, 380 
765, 309 
635, 265 
914, 239 
621, 212 
499, 174 
 
924, 706 
1025, 591 
499, 605 
561, 574 
1095, 584 
755, 550 
626, 516 
901, 464 
997, 426 
717, 409 
1047, 389 
516, 380 
764, 309 
633, 265 
914, 241 
621, 212 
498, 174 
 
921, 705 
1024, 590 
499, 605 
561, 574 
1096, 588 
1256, 538 
627, 519 
900, 463 
997, 427 
717, 410 
1046, 388 
517, 380 
763, 309 
632, 265 
913, 242 
496, 173 
 
919, 705 
1024, 588 
499, 605 
561, 573 
1098, 591 
755, 550 
1256, 537 
628, 521 
899, 464 
998, 428 
716, 410 
1046, 388 
517, 381 
763, 308 
631, 265 
912, 242 
496, 172 
 
918, 704 
456, 629 
1024, 587 
499, 605 
561, 572 
1099, 595 
755, 550 
1257, 537 
629, 524 
898, 463 
999, 429 
716, 410 
1046, 387 
517, 382 
762, 308 
630, 265 
911, 241 
494, 172 
 
1023, 586 
470, 622 
561, 572 
1100, 597 
755, 550 
1260, 531 
631, 526 
897, 463 
1001, 432 
716, 411 
1046, 387 
517, 382 
761, 307 
629, 265 
910, 241 
620, 212 
494, 171 
 
1023, 585 
1099, 596 
560, 571 
755, 551 
1260, 531 
631, 529 
895, 462 
1001, 433 
715, 411 
1045, 386 
517, 383 
760, 307 
628, 266 
908, 242 
620, 212 
494, 170 
 
1022, 584 
1101, 601 
560, 571 
755, 551 
632, 532 
1261, 531 
894, 462 
1002, 435 
715, 411 
1045, 386 
517, 384 
760, 306 
627, 266 
907, 244 
620, 213 
493, 170 
 
912, 699 
1022, 582 
1099, 589 
560, 572 
755, 550 
633, 535 
1261, 531 
893, 462 
1003, 436 
714, 411 
535, 390 
1045, 385 
759, 306 
627, 266 
905, 245 
620, 213 
493, 169 
 
500, 604 
1021, 581 
560, 571 
755, 551 
634, 537 
1262, 531 
892, 461 
1003, 437 
714, 411 
534, 391 
1044, 385 
758, 305 
626, 266 
902, 247 
620, 213 
493, 169 
 
912, 699 
500, 604 
1021, 580 
561, 571 
755, 551 
634, 540 
1263, 531 
470, 478 
891, 461 
1004, 438 
713, 411 
535, 392 
1044, 384 
757, 305 
625, 266 
901, 249 
620, 213 
494, 169 
 
913, 699 
1115, 659 
499, 604 
1021, 579 
560, 571 
754, 551 
635, 542 
1264, 531 
890, 461 
1004, 439 
534, 392 
713, 411 
1043, 383 
756, 305 
626, 266 
899, 251 
620, 213 
494, 168 
 
1108, 632 
499, 605 
1021, 578 
561, 573 
754, 551 
636, 544 
1266, 526 
471, 473 
889, 461 
1005, 440 
534, 393 
713, 411 
1043, 382 
212, 363 
755, 304 
626, 266 
897, 251 
620, 213 
493, 168 
 
912, 698 
1114, 647 
499, 604 
432, 627 
1019, 577 
560, 574 
754, 551 
636, 545 
472, 471 
889, 461 
1005, 441 
534, 394 
712, 411 
1042, 381 
755, 304 
626, 266 
895, 251 
620, 213 
493, 167 
 
911, 698 
1118, 643 
499, 604 
431, 626 
1018, 575 
559, 575 
754, 551 
637, 548 
889, 462 
473, 469 
1006, 441 
533, 394 
712, 411 
1042, 380 
755, 304 
626, 266 
892, 252 
619, 214 
494, 166 
 
1123, 650 
499, 604 
429, 625 
1018, 572 
559, 576 
754, 551 
637, 549 
1267, 491 
889, 462 
1006, 442 
533, 395 
711, 411 
1041, 379 
755, 305 
625, 266 
888, 255 
619, 214 
493, 166 
 
1123, 652 
499, 605 
426, 623 
1018, 569 
558, 577 
754, 551 
638, 550 
1266, 489 
890, 462 
475, 466 
1007, 443 
532, 396 
711, 411 
1042, 379 
754, 305 
625, 266 
885, 257 
493, 165 
 
905, 695 
1121, 654 
499, 605 
423, 622 
557, 578 
754, 551 
638, 551 
1265, 486 
892, 463 
1007, 444 
532, 396 
711, 410 
1042, 378 
753, 305 
625, 266 
882, 258 
618, 214 
492, 165 
 
903, 695 
1117, 655 
499, 605 
422, 622 
556, 579 
754, 552 
639, 553 
1264, 484 
895, 464 
1008, 445 
532, 397 
710, 410 
1041, 378 
753, 306 
624, 266 
879, 260 
492, 164 
 
1111, 656 
499, 604 
420, 621 
555, 580 
754, 552 
639, 554 
1263, 481 
897, 465 
478, 463 
1008, 446 
710, 410 
516, 387 
1042, 379 
213, 354 
752, 306 
624, 266 
875, 261 
492, 164 
 
1106, 656 
499, 605 
1023, 565 
555, 581 
640, 556 
1262, 479 
900, 466 
1009, 447 
710, 410 
515, 387 
1043, 379 
213, 353 
751, 306 
624, 265 
873, 262 
617, 214 
491, 163 
 
898, 695 
1102, 656 
499, 605 
418, 620 
1023, 566 
554, 582 
754, 552 
640, 557 
1262, 477 
902, 467 
478, 458 
1009, 448 
709, 410 
1044, 380 
212, 358 
750, 307 
623, 265 
870, 263 
616, 214 
491, 163 
 
1098, 657 
499, 605 
417, 619 
553, 583 
754, 552 
641, 558 
1261, 474 
904, 469 
478, 454 
1010, 449 
709, 410 
1045, 381 
515, 388 
213, 363 
749, 307 
623, 264 
867, 263 
615, 214 
490, 163 
 
1095, 657 
499, 605 
415, 617 
552, 582 
1196, 554 
754, 552 
641, 559 
906, 470 
1261, 472 
478, 451 
1010, 450 
708, 409 
1045, 381 
212, 360 
748, 308 
623, 264 
864, 264 
614, 214 
490, 162 
 
1091, 657 
499, 605 
414, 616 
1196, 555 
754, 552 
641, 561 
907, 470 
1260, 470 
1010, 451 
708, 409 
1045, 380 
514, 388 
747, 308 
622, 263 
862, 264 
613, 214 
489, 162 
 
1087, 658 
499, 605 
412, 615 
549, 583 
754, 552 
642, 562 
909, 471 
1260, 468 
1011, 451 
479, 446 
708, 409 
1046, 380 
514, 388 
746, 308 
622, 263 
860, 264 
613, 214 
489, 161 
 
1083, 658 
499, 605 
411, 614 
548, 584 
754, 552 
642, 563 
910, 471 
1258, 464 
1011, 452 
480, 445 
707, 409 
514, 389 
1046, 380 
745, 309 
622, 262 
857, 264 
612, 214 
488, 161 
 
1079, 658 
499, 605 
410, 613 
548, 585 
754, 552 
643, 565 
912, 472 
1257, 462 
1012, 453 
480, 443 
707, 409 
1047, 379 
744, 309 
621, 262 
855, 265 
611, 214 
488, 161 
 
1076, 658 
499, 605 
408, 612 
549, 585 
754, 552 
643, 565 
913, 472 
1257, 460 
1012, 454 
481, 441 
197, 393 
708, 410 
514, 388 
1047, 379 
212, 351 
743, 309 
620, 261 
852, 265 
611, 214 
487, 160 
 
1072, 659 
499, 605 
407, 611 
549, 585 
644, 567 
754, 552 
915, 472 
1256, 459 
1012, 454 
480, 438 
708, 412 
513, 388 
210, 357 
742, 309 
850, 265 
613, 227 
613, 227 
486, 160 
 
1069, 659 
550, 585 
499, 605 
406, 610 
644, 568 
754, 552 
916, 472 
1255, 457 
1013, 455 
480, 435 
709, 413 
513, 388 
741, 309 
848, 265 
613, 227 
613, 227 
485, 160 
 
884, 691 
1066, 659 
552, 585 
499, 604 
406, 610 
644, 569 
754, 553 
917, 472 
1255, 455 
1013, 455 
480, 434 
710, 415 
513, 389 
1047, 378 
740, 310 
846, 265 
612, 227 
612, 227 
485, 159 
 
883, 690 
1063, 659 
552, 584 
499, 604 
406, 609 
645, 571 
754, 553 
918, 472 
1254, 454 
1014, 456 
712, 416 
513, 389 
739, 310 
844, 265 
611, 226 
611, 226 
484, 159 
425, 102 
 
882, 689 
1060, 659 
553, 584 
499, 604 
405, 608 
645, 572 
754, 553 
920, 472 
1253, 452 
1014, 457 
481, 431 
713, 417 
513, 390 
738, 310 
842, 265 
611, 226 
611, 226 
484, 159 
 
881, 689 
1057, 659 
499, 605 
555, 583 
404, 607 
645, 574 
754, 553 
921, 472 
1014, 457 
1253, 450 
714, 419 
514, 390 
737, 311 
840, 265 
610, 226 
610, 226 
484, 159 
 
879, 688 
1055, 660 
390, 609 
499, 606 
556, 582 
645, 575 
754, 553 
922, 472 
1014, 458 
1252, 449 
714, 420 
513, 391 
1047, 375 
736, 311 
837, 265 
610, 226 
610, 226 
484, 158 
 
879, 688 
1050, 660 
388, 608 
498, 606 
1038, 592 
557, 581 
645, 576 
754, 553 
923, 472 
1252, 448 
1014, 457 
715, 421 
513, 392 
209, 386 
735, 311 
835, 265 
606, 245 
485, 158 
423, 103 
 
877, 688 
1047, 660 
388, 607 
498, 606 
558, 580 
645, 578 
754, 553 
923, 471 
1251, 446 
1014, 457 
716, 421 
514, 393 
1046, 374 
214, 312 
734, 311 
833, 265 
605, 244 
613, 207 
485, 157 
 
876, 688 
1044, 660 
387, 606 
498, 606 
1038, 593 
560, 579 
645, 580 
754, 553 
924, 471 
1250, 445 
1014, 457 
717, 422 
514, 393 
1046, 373 
210, 355 
733, 312 
831, 266 
604, 244 
613, 207 
486, 157 
 
875, 688 
386, 605 
498, 606 
561, 577 
644, 582 
754, 553 
925, 471 
1014, 458 
1250, 444 
718, 423 
514, 393 
1046, 372 
210, 355 
733, 312 
829, 266 
603, 244 
613, 206 
488, 156 
 
874, 687 
385, 604 
499, 606 
1038, 592 
561, 576 
643, 584 
925, 470 
1015, 459 
1250, 443 
718, 424 
480, 417 
514, 393 
1045, 371 
209, 361 
732, 312 
826, 267 
602, 243 
488, 155 
 
499, 605 
1038, 592 
563, 575 
643, 585 
1189, 544 
754, 553 
926, 470 
1017, 461 
1249, 443 
719, 424 
514, 394 
1044, 370 
731, 311 
824, 268 
601, 244 
613, 206 
489, 155 
 
872, 687 
499, 605 
1038, 592 
563, 574 
642, 587 
1189, 544 
927, 470 
1017, 462 
1248, 441 
523, 411 
719, 425 
1044, 369 
206, 376 
730, 311 
822, 268 
600, 244 
613, 206 
489, 155 
 
872, 688 
499, 605 
398, 600 
564, 573 
641, 589 
755, 554 
927, 469 
1017, 462 
1248, 440 
524, 412 
720, 425 
1044, 369 
204, 385 
729, 312 
821, 269 
613, 206 
1256, 190 
490, 154 
 
871, 688 
499, 605 
1036, 588 
397, 599 
564, 572 
640, 591 
928, 469 
1018, 463 
524, 413 
1247, 439 
721, 426 
205, 393 
1044, 369 
728, 311 
820, 269 
602, 244 
613, 205 
1254, 190 
490, 154 
 
870, 687 
378, 598 
499, 605 
1035, 586 
564, 571 
639, 593 
756, 555 
928, 469 
1018, 464 
523, 414 
1247, 439 
722, 426 
1044, 369 
727, 312 
818, 269 
613, 205 
490, 154 
 
869, 687 
377, 597 
499, 605 
565, 570 
639, 595 
756, 555 
928, 468 
1018, 464 
523, 414 
1247, 438 
722, 427 
1045, 372 
727, 311 
817, 270 
612, 205 
491, 153 
 
869, 687 
499, 605 
565, 569 
638, 596 
757, 556 
928, 467 
1019, 465 
523, 415 
1246, 437 
723, 427 
210, 405 
1045, 374 
726, 311 
816, 271 
491, 153 
 
868, 687 
1021, 655 
499, 605 
638, 597 
565, 568 
757, 556 
929, 467 
1019, 465 
522, 415 
1246, 437 
211, 415 
723, 427 
481, 403 
1045, 374 
725, 311 
815, 272 
601, 246 
491, 152 
 
867, 687 
1020, 660 
499, 605 
637, 599 
371, 593 
566, 567 
757, 556 
929, 467 
1019, 465 
522, 417 
1245, 436 
724, 427 
481, 402 
1045, 375 
724, 311 
814, 272 
600, 246 
491, 152 
 
867, 687 
1018, 660 
499, 605 
637, 601 
567, 566 
370, 591 
758, 556 
929, 466 
1019, 465 
1245, 435 
724, 427 
490, 404 
1046, 375 
723, 311 
813, 273 
599, 246 
611, 204 
491, 152 
 
866, 686 
499, 605 
637, 602 
567, 565 
370, 589 
1171, 563 
929, 465 
1020, 466 
1244, 435 
725, 428 
493, 399 
493, 399 
1046, 375 
722, 310 
812, 273 
599, 246 
610, 204 
491, 151 
 
865, 686 
499, 605 
636, 603 
568, 564 
369, 587 
1169, 566 
929, 465 
1020, 466 
1243, 434 
725, 428 
1046, 376 
212, 368 
721, 310 
811, 274 
599, 246 
610, 204 
490, 151 
 
865, 686 
499, 605 
636, 604 
568, 563 
367, 584 
929, 464 
1019, 466 
726, 428 
492, 396 
492, 396 
1046, 376 
721, 310 
811, 274 
598, 246 
610, 204 
490, 150 
 
864, 686 
1012, 660 
499, 605 
635, 605 
568, 562 
365, 581 
929, 464 
1019, 466 
1243, 431 
726, 428 
491, 394 
491, 394 
1046, 376 
720, 310 
810, 275 
598, 247 
609, 204 
490, 150 
 
1010, 660 
499, 605 
635, 607 
569, 561 
363, 577 
929, 463 
1019, 466 
1245, 429 
727, 428 
490, 392 
490, 392 
1045, 376 
719, 310 
809, 275 
597, 247 
609, 204 
489, 150 
 
869, 685 
1009, 660 
499, 605 
635, 608 
569, 560 
361, 574 
929, 462 
1021, 468 
1247, 425 
727, 428 
489, 391 
489, 391 
1045, 376 
213, 349 
718, 310 
808, 275 
597, 247 
608, 204 
489, 149 
 
871, 685 
1007, 660 
499, 605 
634, 609 
570, 559 
359, 571 
760, 557 
929, 462 
1022, 469 
727, 428 
1248, 421 
489, 390 
489, 390 
1045, 377 
717, 309 
807, 275 
597, 247 
608, 204 
488, 149 
 
871, 685 
1005, 660 
634, 610 
499, 605 
569, 558 
358, 568 
928, 461 
1022, 469 
727, 428 
488, 389 
488, 389 
1044, 376 
716, 309 
806, 275 
596, 247 
607, 204 
487, 149 
 
871, 685 
634, 611 
499, 605 
570, 557 
928, 460 
1022, 470 
728, 428 
488, 389 
488, 389 
1043, 376 
715, 309 
805, 275 
596, 248 
606, 204 
487, 148 
 
871, 685 
633, 612 
499, 605 
571, 557 
355, 562 
928, 460 
1022, 471 
728, 429 
1180, 394 
487, 388 
487, 388 
1042, 376 
715, 308 
804, 276 
579, 256 
612, 241 
606, 204 
486, 148 
 
868, 683 
633, 612 
499, 605 
571, 556 
928, 459 
1022, 471 
728, 429 
1173, 392 
486, 387 
486, 387 
1042, 376 
714, 308 
803, 275 
579, 258 
611, 240 
606, 204 
485, 148 
 
632, 614 
499, 605 
1153, 580 
571, 555 
927, 458 
1022, 471 
523, 426 
728, 429 
1171, 390 
476, 376 
1041, 376 
713, 307 
802, 275 
578, 259 
611, 239 
582, 199 
484, 147 
 
630, 617 
499, 605 
1152, 581 
571, 554 
351, 553 
1023, 472 
927, 458 
523, 427 
729, 429 
474, 375 
1040, 375 
712, 306 
801, 275 
578, 260 
611, 239 
581, 200 
1191, 173 
483, 147 
 
998, 656 
629, 618 
499, 605 
1152, 583 
571, 553 
1023, 472 
927, 458 
523, 427 
729, 429 
1164, 387 
471, 373 
711, 307 
801, 275 
577, 261 
610, 238 
580, 200 
1187, 172 
482, 146 
 
997, 656 
626, 619 
499, 605 
1152, 583 
572, 552 
348, 547 
1022, 472 
927, 459 
525, 428 
729, 428 
470, 372 
711, 308 
800, 275 
577, 262 
609, 237 
579, 200 
1185, 169 
482, 146 
 
993, 660 
624, 619 
499, 605 
572, 552 
347, 544 
1023, 473 
928, 460 
526, 429 
729, 428 
1162, 386 
469, 371 
1038, 375 
711, 308 
576, 263 
799, 276 
609, 237 
578, 200 
480, 145 
 
992, 660 
621, 620 
499, 605 
572, 551 
346, 542 
1023, 474 
929, 462 
526, 430 
729, 428 
468, 370 
1037, 376 
712, 309 
799, 276 
576, 263 
608, 236 
577, 200 
479, 145 
 
847, 675 
991, 659 
618, 620 
499, 605 
573, 550 
346, 540 
1023, 475 
930, 463 
526, 430 
729, 428 
467, 369 
1037, 378 
714, 309 
798, 276 
575, 264 
607, 235 
577, 201 
1178, 168 
478, 144 
 
845, 675 
614, 620 
499, 605 
1144, 592 
573, 549 
345, 538 
930, 463 
1022, 473 
526, 431 
729, 428 
1037, 382 
467, 368 
716, 310 
797, 277 
574, 264 
606, 234 
575, 201 
1176, 168 
478, 144 
 
610, 620 
499, 605 
573, 548 
344, 534 
931, 464 
1023, 474 
527, 432 
729, 428 
1037, 384 
466, 367 
718, 309 
797, 277 
573, 265 
606, 234 
575, 201 
1174, 165 
475, 144 
 
607, 620 
1038, 594 
499, 605 
1141, 593 
573, 547 
342, 529 
931, 464 
1023, 475 
528, 433 
729, 428 
1037, 385 
466, 366 
213, 358 
720, 309 
796, 278 
572, 265 
604, 233 
575, 201 
1172, 162 
474, 145 
 
603, 620 
1039, 596 
499, 605 
1139, 594 
1021, 552 
573, 547 
340, 526 
931, 464 
1023, 475 
529, 434 
729, 428 
1144, 383 
1036, 386 
465, 365 
213, 352 
723, 309 
796, 278 
572, 265 
603, 232 
574, 202 
1171, 161 
473, 144 
 
837, 674 
600, 620 
499, 605 
1022, 552 
573, 546 
340, 525 
1023, 475 
931, 464 
529, 434 
729, 428 
1036, 387 
465, 365 
725, 308 
795, 278 
571, 265 
589, 217 
1168, 159 
476, 143 
 
598, 620 
499, 605 
1134, 595 
1022, 552 
574, 545 
339, 522 
1023, 475 
931, 464 
531, 434 
729, 428 
1138, 382 
1036, 388 
466, 365 
726, 307 
795, 278 
570, 266 
588, 217 
1166, 158 
478, 142 
 
834, 673 
989, 654 
595, 620 
1132, 596 
499, 605 
1022, 552 
576, 544 
338, 519 
1024, 476 
931, 464 
533, 435 
728, 428 
1136, 382 
1035, 389 
465, 363 
727, 306 
794, 278 
569, 266 
587, 217 
1163, 156 
478, 141 
 
833, 673 
987, 655 
593, 620 
498, 605 
1022, 552 
577, 543 
337, 517 
1024, 476 
931, 464 
534, 436 
728, 428 
1133, 382 
1035, 390 
462, 360 
728, 306 
793, 278 
569, 266 
587, 217 
1161, 155 
477, 141 
 
831, 673 
591, 620 
498, 605 
1022, 553 
578, 542 
336, 514 
1025, 477 
931, 464 
535, 436 
728, 427 
1130, 382 
1034, 392 
213, 354 
463, 359 
730, 305 
568, 267 
792, 278 
600, 214 
600, 214 
1158, 153 
480, 140 
 
830, 672 
589, 621 
498, 605 
1022, 553 
579, 542 
771, 561 
336, 509 
1026, 479 
931, 464 
535, 436 
728, 428 
1131, 382 
1131, 382 
1034, 393 
461, 358 
731, 304 
568, 267 
792, 278 
600, 214 
600, 214 
1155, 152 
483, 139 
 
829, 671 
982, 656 
587, 621 
499, 605 
1022, 554 
580, 541 
771, 561 
335, 504 
1028, 480 
931, 464 
536, 436 
728, 428 
1128, 382 
1128, 382 
1033, 393 
451, 355 
733, 302 
568, 268 
791, 278 
601, 214 
601, 214 
1153, 151 
485, 138 
 
828, 671 
981, 655 
586, 621 
499, 605 
1021, 554 
581, 541 
772, 561 
1029, 481 
931, 464 
537, 436 
728, 428 
1125, 381 
1125, 381 
1032, 394 
450, 356 
735, 301 
791, 279 
567, 269 
601, 214 
601, 214 
1150, 150 
484, 138 
 
827, 670 
981, 654 
584, 621 
1121, 597 
499, 605 
1021, 555 
583, 540 
772, 561 
1031, 481 
930, 464 
538, 437 
728, 428 
1123, 381 
1123, 381 
1030, 394 
449, 357 
737, 300 
791, 280 
567, 270 
602, 214 
602, 214 
1148, 148 
486, 138 
 
981, 653 
581, 619 
1119, 597 
498, 605 
1020, 555 
585, 540 
773, 561 
1033, 482 
930, 464 
539, 437 
728, 428 
1119, 381 
1119, 381 
1029, 395 
447, 357 
738, 298 
791, 280 
566, 270 
603, 214 
603, 214 
1145, 147 
490, 138 
 
982, 653 
580, 620 
1117, 597 
498, 605 
1020, 556 
773, 561 
585, 539 
1035, 484 
930, 464 
540, 437 
728, 428 
1116, 381 
1116, 381 
1028, 395 
446, 359 
739, 297 
792, 280 
566, 271 
604, 213 
1143, 146 
495, 138 
 
579, 620 
1115, 598 
498, 605 
1020, 556 
773, 561 
587, 538 
1037, 484 
929, 463 
541, 437 
728, 429 
1113, 381 
1113, 381 
1027, 395 
445, 360 
740, 296 
792, 281 
566, 273 
605, 213 
498, 137 
1141, 145 
 
578, 621 
1113, 598 
498, 605 
753, 561 
1021, 557 
792, 562 
589, 538 
1038, 485 
929, 463 
543, 437 
728, 429 
1109, 380 
1109, 380 
1026, 395 
445, 362 
741, 295 
793, 281 
567, 274 
605, 213 
500, 137 
1139, 143 
 
979, 653 
577, 621 
1111, 597 
498, 605 
753, 561 
1023, 564 
793, 562 
590, 538 
1039, 485 
929, 462 
544, 438 
728, 429 
1106, 380 
1106, 380 
1024, 395 
444, 365 
743, 294 
794, 281 
566, 274 
605, 213 
501, 137 
1136, 142 
 
575, 620 
1109, 597 
498, 605 
753, 561 
1023, 563 
793, 562 
591, 538 
1040, 486 
928, 462 
546, 439 
728, 429 
1102, 380 
1102, 380 
1023, 395 
443, 368 
744, 293 
795, 281 
566, 275 
604, 213 
502, 137 
1134, 141 
 
971, 656 
573, 620 
1107, 597 
498, 605 
753, 561 
1023, 563 
794, 562 
594, 538 
1040, 487 
928, 461 
548, 440 
728, 429 
1100, 381 
1100, 381 
1022, 396 
745, 293 
795, 281 
566, 275 
604, 213 
503, 137 
1132, 140 
 
970, 655 
1106, 596 
498, 605 
753, 561 
1023, 564 
795, 562 
596, 538 
1040, 488 
927, 461 
550, 442 
728, 429 
1092, 381 
1092, 381 
1020, 395 
745, 293 
796, 281 
565, 276 
603, 212 
505, 138 
1130, 138 
 
969, 655 
570, 617 
1104, 596 
499, 605 
753, 561 
1023, 563 
796, 562 
598, 538 
1040, 489 
927, 460 
552, 443 
340, 462 
728, 429 
1069, 385 
1069, 385 
746, 294 
796, 281 
565, 276 
507, 138 
1128, 137 
 
968, 655 
568, 615 
1102, 595 
498, 605 
753, 561 
797, 562 
1022, 562 
600, 538 
1041, 490 
926, 459 
554, 444 
341, 459 
728, 429 
796, 281 
747, 294 
565, 276 
602, 212 
507, 138 
1127, 137 
 
967, 655 
567, 613 
1100, 595 
498, 605 
753, 561 
1021, 561 
798, 562 
601, 538 
1041, 491 
555, 445 
925, 458 
342, 456 
727, 429 
797, 281 
747, 295 
564, 276 
601, 212 
508, 138 
1121, 135 
 
966, 655 
570, 616 
498, 605 
753, 561 
799, 562 
1021, 561 
603, 539 
1041, 492 
556, 445 
925, 457 
343, 455 
727, 430 
797, 280 
747, 295 
564, 277 
600, 211 
508, 138 
1117, 134 
 
965, 655 
569, 615 
1085, 604 
498, 605 
753, 561 
799, 562 
1021, 563 
605, 540 
1041, 493 
557, 446 
924, 457 
344, 452 
727, 429 
1055, 386 
1055, 386 
447, 384 
797, 280 
747, 296 
563, 277 
600, 211 
509, 139 
1113, 134 
 
964, 655 
568, 615 
1082, 603 
498, 605 
753, 561 
800, 562 
1021, 563 
607, 540 
1041, 494 
558, 446 
924, 456 
345, 451 
726, 429 
1052, 387 
1052, 387 
449, 386 
798, 280 
747, 297 
563, 277 
 
963, 655 
1080, 603 
567, 613 
498, 605 
753, 561 
1021, 564 
801, 562 
608, 541 
1041, 495 
560, 447 
923, 455 
346, 449 
725, 428 
1047, 388 
1047, 388 
798, 279 
747, 297 
562, 277 
599, 211 
508, 139 
 
963, 655 
1076, 603 
567, 612 
498, 605 
753, 561 
801, 563 
1020, 564 
610, 541 
1041, 496 
561, 447 
922, 454 
346, 442 
724, 428 
1038, 390 
1038, 390 
799, 279 
747, 298 
562, 277 
599, 211 
510, 139 
 
963, 655 
1072, 604 
567, 612 
498, 605 
753, 561 
802, 563 
1020, 564 
611, 542 
1042, 497 
562, 448 
921, 453 
723, 428 
1034, 391 
1034, 391 
800, 278 
747, 298 
561, 277 
599, 210 
510, 140 
1089, 146 
 
1014, 637 
498, 605 
567, 612 
753, 561 
803, 563 
1040, 581 
1040, 581 
612, 543 
1042, 497 
562, 448 
921, 452 
723, 428 
1030, 392 
1030, 392 
801, 278 
746, 299 
561, 277 
598, 210 
511, 139 
1082, 150 
 
498, 605 
566, 610 
754, 561 
803, 563 
1038, 581 
1038, 581 
613, 543 
1042, 498 
563, 449 
921, 452 
723, 428 
1024, 393 
1024, 393 
803, 277 
746, 299 
560, 277 
598, 210 
513, 139 
1075, 154 
 
498, 605 
565, 605 
754, 561 
804, 563 
614, 544 
1037, 581 
1037, 581 
1043, 499 
564, 449 
921, 451 
723, 428 
1019, 394 
1019, 394 
804, 276 
745, 299 
560, 277 
597, 210 
1069, 157 
514, 140 
 
1080, 586 
498, 605 
564, 604 
754, 561 
804, 563 
615, 545 
1043, 500 
566, 449 
920, 451 
723, 428 
804, 276 
745, 300 
559, 277 
597, 209 
1063, 160 
515, 140 
 
498, 605 
564, 602 
754, 561 
805, 563 
616, 546 
1022, 579 
1043, 500 
567, 450 
920, 452 
722, 428 
804, 275 
744, 301 
558, 277 
596, 209 
1057, 163 
516, 140 
 
807, 655 
948, 652 
498, 605 
1077, 583 
563, 601 
754, 561 
806, 563 
1022, 579 
617, 547 
1043, 501 
568, 450 
920, 452 
722, 428 
1004, 399 
1004, 399 
805, 274 
744, 301 
558, 277 
596, 209 
1052, 165 
518, 140 
 
945, 651 
498, 605 
1076, 581 
563, 599 
754, 561 
806, 563 
1021, 579 
617, 548 
1043, 501 
570, 451 
920, 454 
722, 428 
999, 402 
999, 402 
806, 273 
743, 301 
557, 276 
595, 208 
1047, 167 
519, 140 
 
802, 653 
941, 650 
498, 605 
564, 600 
754, 561 
1022, 580 
807, 563 
618, 548 
1043, 502 
570, 451 
920, 454 
722, 428 
995, 403 
995, 403 
806, 273 
742, 301 
556, 276 
595, 208 
1042, 170 
521, 140 
 
936, 648 
803, 653 
498, 605 
564, 600 
754, 561 
1017, 585 
1017, 585 
808, 563 
618, 549 
1043, 502 
571, 452 
920, 455 
722, 428 
992, 405 
992, 405 
460, 401 
807, 272 
742, 302 
556, 276 
594, 208 
1037, 172 
521, 140 
 
1008, 643 
935, 648 
803, 653 
498, 605 
1075, 576 
564, 597 
754, 561 
1018, 587 
1018, 587 
808, 563 
619, 550 
1043, 503 
572, 452 
920, 455 
722, 428 
988, 407 
988, 407 
807, 271 
741, 302 
556, 276 
594, 207 
1032, 174 
522, 140 
 
933, 648 
498, 605 
564, 594 
754, 561 
1018, 588 
1018, 588 
809, 563 
619, 550 
1043, 504 
573, 453 
919, 455 
722, 428 
984, 409 
984, 409 
808, 271 
740, 302 
556, 275 
594, 207 
1028, 177 
524, 140 
 
930, 647 
785, 646 
498, 605 
563, 588 
754, 561 
1016, 592 
1016, 592 
809, 563 
620, 551 
1043, 504 
574, 454 
919, 455 
721, 428 
981, 410 
981, 410 
809, 270 
739, 302 
555, 275 
553, 208 
1023, 179 
526, 141 
 
927, 646 
783, 645 
498, 605 
1071, 572 
563, 587 
754, 561 
810, 563 
1014, 593 
1014, 593 
620, 551 
1043, 505 
575, 455 
721, 428 
739, 303 
555, 274 
809, 269 
552, 208 
1019, 181 
526, 141 
 
926, 645 
781, 644 
498, 605 
564, 584 
754, 561 
1014, 595 
1014, 595 
810, 563 
621, 552 
1043, 505 
576, 455 
720, 427 
212, 353 
738, 302 
555, 274 
809, 268 
551, 207 
1015, 183 
528, 140 
 
924, 645 
779, 643 
498, 605 
564, 584 
754, 561 
1013, 597 
1013, 597 
810, 563 
621, 553 
1043, 506 
576, 456 
720, 427 
555, 273 
737, 302 
809, 268 
549, 207 
1011, 185 
529, 140 
 
777, 642 
498, 605 
565, 582 
1012, 598 
1012, 598 
754, 561 
811, 564 
622, 553 
1043, 506 
577, 456 
720, 427 
465, 413 
736, 303 
555, 273 
810, 268 
596, 206 
1007, 186 
530, 140 
 
919, 643 
775, 641 
498, 605 
1010, 600 
566, 582 
753, 561 
812, 564 
622, 554 
1043, 507 
577, 456 
719, 427 
466, 415 
212, 345 
735, 302 
555, 272 
810, 267 
596, 205 
1003, 188 
531, 140 
 
917, 642 
774, 640 
498, 605 
1009, 602 
566, 580 
753, 561 
812, 564 
622, 555 
1036, 502 
577, 457 
719, 427 
467, 418 
212, 348 
734, 303 
556, 271 
811, 267 
595, 204 
999, 190 
531, 140 
 
916, 641 
773, 639 
498, 605 
567, 579 
753, 561 
812, 564 
622, 555 
1036, 502 
578, 457 
719, 427 
476, 412 
212, 353 
734, 303 
555, 270 
811, 267 
546, 204 
995, 192 
532, 140 
 
915, 640 
772, 639 
498, 605 
1008, 603 
568, 579 
753, 561 
813, 564 
623, 555 
1043, 509 
578, 458 
718, 427 
476, 414 
212, 352 
733, 302 
555, 269 
811, 267 
545, 203 
627, 202 
992, 193 
533, 140 
 
914, 640 
771, 638 
1007, 605 
498, 605 
753, 561 
569, 579 
813, 564 
623, 556 
1043, 508 
579, 458 
718, 427 
476, 416 
732, 301 
555, 269 
812, 267 
543, 203 
628, 202 
988, 194 
533, 140 
 
913, 639 
770, 637 
1007, 605 
498, 605 
753, 561 
569, 577 
814, 564 
623, 556 
1043, 508 
579, 458 
717, 427 
475, 418 
731, 301 
555, 268 
812, 267 
541, 202 
628, 201 
984, 196 
534, 140 
 
912, 638 
769, 636 
498, 605 
753, 561 
570, 575 
814, 564 
623, 556 
1036, 502 
579, 458 
717, 426 
466, 431 
729, 301 
555, 267 
812, 267 
540, 202 
629, 201 
981, 197 
535, 140 
 
911, 637 
768, 636 
498, 605 
753, 561 
570, 573 
815, 564 
623, 557 
1057, 523 
579, 459 
716, 426 
464, 432 
728, 300 
555, 266 
813, 267 
540, 201 
978, 199 
535, 140 
 
910, 637 
768, 635 
498, 605 
753, 561 
571, 571 
815, 564 
624, 557 
1057, 524 
579, 459 
461, 434 
716, 426 
361, 376 
214, 349 
727, 300 
555, 266 
813, 267 
538, 200 
630, 200 
974, 200 
536, 140 
 
910, 636 
767, 635 
498, 605 
753, 561 
816, 564 
571, 567 
624, 558 
1057, 525 
579, 459 
459, 435 
715, 426 
360, 373 
214, 336 
727, 301 
555, 265 
813, 267 
537, 199 
970, 201 
536, 140 
 
910, 635 
766, 634 
498, 605 
753, 561 
816, 564 
572, 564 
624, 558 
579, 459 
715, 426 
204, 418 
359, 370 
727, 302 
554, 265 
813, 267 
536, 198 
631, 200 
968, 202 
536, 140 
 
909, 635 
765, 634 
498, 605 
753, 561 
816, 564 
625, 559 
573, 562 
579, 459 
456, 437 
714, 426 
728, 303 
813, 267 
553, 264 
536, 197 
631, 199 
964, 204 
537, 141 
 
909, 634 
765, 633 
498, 605 
753, 561 
817, 564 
625, 559 
574, 561 
579, 460 
455, 437 
714, 426 
729, 304 
813, 267 
553, 265 
536, 196 
960, 205 
631, 199 
538, 141 
 
908, 634 
764, 633 
498, 605 
753, 561 
817, 564 
625, 559 
574, 559 
1036, 517 
579, 460 
453, 438 
714, 426 
358, 364 
730, 305 
813, 267 
552, 265 
537, 194 
957, 206 
632, 198 
538, 140 
 
907, 633 
764, 632 
498, 605 
753, 561 
817, 563 
626, 560 
575, 557 
1042, 519 
580, 461 
451, 438 
897, 437 
897, 437 
1006, 434 
713, 426 
731, 305 
553, 265 
813, 267 
955, 207 
539, 192 
631, 197 
 
907, 632 
763, 632 
498, 605 
753, 561 
818, 563 
626, 560 
576, 556 
1041, 520 
580, 461 
450, 438 
903, 439 
903, 439 
1005, 433 
713, 426 
356, 358 
731, 306 
553, 266 
812, 267 
952, 208 
540, 191 
631, 197 
540, 139 
 
907, 632 
762, 632 
498, 605 
753, 561 
626, 561 
818, 563 
577, 555 
1010, 575 
1010, 575 
581, 462 
448, 439 
901, 440 
901, 440 
1003, 433 
713, 426 
354, 354 
731, 307 
553, 266 
812, 267 
542, 190 
952, 207 
632, 197 
541, 140 
379, 118 
 
980, 640 
906, 631 
761, 631 
498, 605 
753, 561 
627, 561 
818, 563 
577, 553 
581, 462 
446, 439 
899, 441 
899, 441 
1002, 433 
713, 427 
352, 351 
732, 308 
553, 267 
812, 267 
544, 189 
950, 207 
631, 197 
542, 140 
 
977, 640 
906, 630 
761, 630 
498, 605 
754, 561 
628, 562 
818, 563 
578, 551 
1016, 557 
1016, 557 
581, 463 
444, 439 
897, 442 
897, 442 
1001, 434 
713, 427 
350, 348 
732, 308 
552, 267 
812, 267 
545, 188 
946, 208 
632, 196 
544, 141 
 
921, 632 
921, 632 
760, 630 
498, 605 
754, 561 
628, 562 
819, 562 
579, 550 
1015, 556 
1015, 556 
582, 463 
443, 439 
895, 443 
895, 443 
1000, 434 
712, 428 
349, 346 
732, 309 
552, 267 
811, 267 
547, 187 
941, 211 
632, 196 
546, 142 
 
917, 631 
917, 631 
759, 629 
498, 605 
754, 561 
629, 563 
819, 562 
580, 548 
1014, 556 
1014, 556 
583, 463 
442, 440 
893, 443 
893, 443 
999, 434 
712, 427 
732, 310 
552, 267 
810, 267 
933, 215 
548, 185 
547, 143 
 
913, 630 
759, 628 
498, 605 
754, 561 
629, 563 
819, 562 
580, 547 
583, 463 
440, 440 
892, 444 
892, 444 
997, 434 
712, 428 
213, 347 
733, 310 
551, 267 
810, 267 
927, 217 
549, 184 
632, 185 
549, 144 
 
907, 628 
758, 628 
498, 605 
754, 561 
630, 564 
819, 561 
1003, 569 
581, 545 
584, 462 
441, 440 
890, 444 
890, 444 
996, 434 
711, 428 
733, 311 
550, 267 
809, 267 
922, 218 
550, 183 
632, 185 
550, 145 
 
905, 627 
757, 628 
498, 605 
754, 561 
630, 564 
819, 561 
1002, 568 
581, 543 
584, 462 
439, 440 
889, 445 
889, 445 
994, 434 
711, 429 
733, 311 
809, 267 
550, 267 
917, 218 
632, 184 
550, 181 
550, 145 
372, 120 
 
905, 627 
757, 627 
498, 605 
754, 561 
630, 564 
992, 577 
819, 561 
581, 540 
584, 462 
437, 441 
876, 445 
876, 445 
993, 433 
711, 429 
733, 311 
549, 267 
808, 266 
912, 219 
631, 183 
552, 180 
551, 146 
 
904, 626 
756, 627 
498, 605 
754, 561 
631, 565 
990, 578 
820, 561 
582, 538 
585, 462 
436, 442 
874, 446 
874, 446 
712, 429 
992, 433 
734, 312 
549, 268 
807, 265 
909, 219 
632, 183 
553, 178 
552, 146 
 
756, 626 
901, 625 
498, 605 
754, 561 
631, 565 
988, 578 
820, 561 
581, 536 
586, 462 
434, 442 
712, 429 
873, 447 
873, 447 
991, 434 
734, 312 
548, 268 
806, 265 
904, 220 
632, 182 
553, 177 
552, 147 
 
900, 624 
755, 626 
498, 605 
753, 561 
631, 565 
988, 577 
820, 560 
1056, 543 
581, 534 
587, 461 
433, 442 
712, 429 
872, 448 
872, 448 
991, 436 
212, 356 
734, 312 
548, 268 
807, 266 
900, 220 
631, 182 
553, 163 
 
754, 625 
899, 623 
498, 605 
753, 561 
632, 565 
820, 560 
987, 575 
1057, 545 
581, 532 
588, 461 
432, 443 
713, 429 
870, 449 
870, 449 
992, 439 
211, 359 
733, 313 
547, 268 
808, 267 
896, 221 
631, 181 
554, 163 
 
1017, 683 
753, 625 
899, 622 
498, 605 
753, 561 
632, 565 
820, 560 
986, 574 
1057, 547 
581, 530 
588, 461 
431, 443 
713, 428 
869, 449 
869, 449 
993, 442 
213, 354 
734, 313 
547, 269 
808, 268 
892, 221 
630, 181 
554, 162 
 
1018, 684 
752, 625 
898, 621 
498, 605 
753, 561 
820, 559 
981, 563 
1058, 549 
602, 543 
589, 461 
430, 443 
993, 444 
714, 428 
869, 450 
869, 450 
213, 354 
733, 313 
809, 269 
546, 268 
888, 221 
631, 181 
553, 162 
 
1006, 677 
752, 624 
898, 621 
498, 605 
753, 561 
820, 559 
602, 542 
591, 461 
429, 444 
993, 445 
714, 428 
868, 450 
868, 450 
330, 323 
733, 313 
810, 269 
545, 269 
883, 221 
632, 181 
553, 162 
 
1008, 678 
751, 624 
897, 620 
498, 605 
753, 561 
977, 562 
820, 558 
602, 541 
592, 462 
428, 444 
994, 446 
715, 427 
868, 451 
868, 451 
329, 322 
733, 314 
810, 269 
545, 269 
880, 221 
632, 181 
553, 161 
 
1013, 680 
751, 624 
896, 619 
498, 605 
753, 561 
975, 561 
820, 558 
602, 540 
594, 463 
426, 445 
995, 448 
715, 427 
868, 452 
868, 452 
212, 361 
329, 320 
733, 314 
811, 269 
545, 270 
876, 221 
631, 181 
552, 161 
 
1013, 680 
750, 623 
896, 619 
498, 605 
753, 561 
973, 561 
820, 558 
602, 539 
594, 463 
844, 458 
844, 458 
995, 449 
715, 426 
919, 441 
327, 319 
732, 314 
545, 271 
811, 270 
873, 221 
630, 193 
551, 160 
 
1015, 681 
749, 623 
895, 618 
498, 605 
753, 561 
970, 560 
820, 557 
602, 539 
595, 463 
842, 459 
842, 459 
424, 447 
995, 451 
716, 426 
918, 441 
327, 318 
732, 314 
544, 272 
811, 270 
869, 220 
630, 194 
551, 159 
 
1016, 681 
748, 622 
894, 617 
498, 605 
753, 561 
966, 561 
820, 557 
596, 464 
839, 460 
839, 460 
424, 447 
996, 453 
716, 426 
931, 443 
327, 316 
732, 314 
812, 271 
544, 273 
865, 220 
630, 194 
551, 159 
 
1017, 682 
748, 622 
893, 617 
498, 605 
753, 561 
962, 560 
820, 557 
602, 536 
597, 464 
836, 461 
836, 461 
996, 455 
421, 449 
716, 425 
931, 442 
325, 314 
731, 314 
813, 272 
544, 273 
862, 220 
630, 195 
552, 159 
 
1018, 682 
747, 622 
893, 616 
498, 605 
753, 561 
959, 559 
821, 557 
603, 535 
598, 464 
834, 462 
834, 462 
996, 456 
422, 447 
716, 425 
931, 442 
212, 348 
324, 312 
731, 314 
814, 272 
543, 273 
859, 219 
630, 195 
552, 159 
 
1019, 683 
746, 621 
892, 615 
498, 605 
753, 561 
957, 558 
820, 556 
603, 534 
598, 464 
831, 464 
831, 464 
996, 458 
717, 424 
931, 441 
210, 358 
323, 310 
731, 314 
815, 273 
543, 274 
855, 219 
630, 196 
553, 160 
 
1020, 683 
746, 621 
891, 615 
498, 605 
753, 561 
955, 558 
820, 555 
603, 534 
599, 464 
829, 466 
829, 466 
996, 459 
717, 424 
931, 441 
200, 404 
212, 355 
322, 308 
730, 314 
816, 273 
542, 274 
852, 219 
630, 196 
553, 162 
 
1021, 683 
745, 620 
890, 614 
498, 605 
753, 561 
954, 556 
820, 555 
604, 533 
600, 464 
995, 459 
827, 468 
827, 468 
716, 423 
931, 440 
730, 314 
816, 273 
542, 274 
850, 218 
630, 196 
553, 162 
 
1022, 684 
745, 620 
889, 613 
498, 605 
754, 561 
952, 555 
820, 555 
604, 532 
601, 464 
825, 470 
825, 470 
413, 455 
716, 423 
213, 372 
321, 305 
729, 314 
816, 274 
541, 274 
848, 217 
629, 196 
 
1022, 684 
744, 620 
889, 613 
498, 605 
640, 569 
754, 561 
950, 554 
820, 555 
578, 505 
601, 464 
822, 472 
822, 472 
410, 457 
716, 423 
208, 404 
320, 304 
729, 314 
816, 274 
540, 274 
842, 218 
629, 197 
553, 162 
 
1023, 684 
744, 619 
888, 612 
498, 605 
641, 570 
754, 561 
948, 553 
820, 555 
579, 504 
602, 464 
821, 474 
821, 474 
716, 422 
319, 303 
728, 315 
817, 275 
539, 274 
838, 218 
552, 162 
 
1024, 684 
743, 619 
888, 611 
498, 605 
754, 561 
943, 554 
820, 555 
605, 530 
602, 464 
819, 476 
819, 476 
407, 460 
715, 421 
728, 315 
318, 300 
817, 275 
539, 275 
834, 217 
629, 197 
551, 162 
 
1025, 685 
744, 619 
887, 611 
498, 605 
754, 561 
940, 553 
820, 554 
605, 529 
603, 464 
817, 478 
817, 478 
406, 460 
715, 421 
727, 315 
316, 296 
538, 275 
817, 275 
830, 217 
629, 198 
 
1026, 686 
743, 619 
886, 610 
498, 605 
753, 561 
935, 553 
820, 555 
605, 528 
603, 464 
816, 480 
816, 480 
406, 461 
715, 420 
727, 315 
316, 291 
818, 276 
537, 275 
826, 216 
550, 162 
 
1026, 686 
741, 619 
886, 609 
498, 605 
754, 561 
931, 553 
820, 555 
606, 528 
603, 463 
814, 483 
814, 483 
203, 420 
716, 420 
211, 375 
727, 315 
315, 288 
818, 276 
536, 275 
820, 215 
631, 200 
549, 162 
 
1027, 686 
740, 618 
885, 609 
498, 605 
754, 561 
928, 552 
820, 555 
606, 527 
603, 463 
813, 484 
813, 484 
716, 419 
205, 424 
212, 350 
726, 315 
318, 286 
818, 276 
535, 275 
815, 214 
632, 202 
556, 184 
543, 146 
 
1027, 686 
738, 617 
884, 608 
498, 605 
754, 561 
925, 553 
820, 554 
606, 526 
604, 463 
811, 486 
811, 486 
204, 427 
716, 418 
212, 356 
725, 315 
819, 276 
534, 275 
812, 213 
634, 203 
556, 186 
543, 145 
 
1027, 687 
735, 616 
884, 608 
498, 605 
753, 561 
922, 553 
820, 554 
607, 526 
604, 462 
810, 489 
810, 489 
405, 464 
716, 418 
725, 315 
821, 275 
533, 275 
809, 213 
634, 203 
555, 187 
544, 144 
 
1027, 687 
733, 616 
883, 607 
498, 605 
753, 561 
919, 552 
820, 554 
607, 525 
604, 462 
808, 491 
808, 491 
716, 417 
725, 315 
822, 274 
532, 275 
807, 212 
634, 203 
554, 189 
545, 142 
 
1027, 687 
732, 616 
882, 606 
498, 605 
753, 561 
646, 570 
916, 552 
820, 554 
579, 491 
605, 462 
807, 493 
807, 493 
402, 466 
716, 417 
724, 315 
531, 275 
823, 273 
804, 211 
634, 203 
554, 190 
545, 141 
 
1027, 688 
730, 615 
882, 606 
498, 605 
754, 561 
647, 570 
913, 552 
579, 490 
605, 461 
809, 510 
809, 510 
402, 467 
716, 416 
213, 348 
724, 315 
530, 275 
824, 271 
800, 211 
553, 192 
547, 139 
 
1027, 688 
729, 615 
881, 605 
498, 605 
647, 570 
754, 561 
910, 551 
579, 488 
606, 461 
808, 511 
808, 511 
716, 416 
327, 384 
723, 315 
528, 274 
825, 269 
796, 211 
635, 204 
552, 193 
548, 137 
 
1027, 688 
727, 615 
880, 605 
498, 605 
648, 570 
754, 561 
907, 550 
580, 487 
606, 461 
807, 513 
807, 513 
987, 465 
716, 415 
913, 424 
335, 388 
213, 355 
723, 315 
527, 274 
825, 268 
792, 210 
636, 205 
552, 194 
548, 136 
 
1027, 688 
726, 614 
880, 604 
498, 605 
649, 570 
754, 561 
903, 550 
580, 486 
805, 515 
805, 515 
607, 461 
396, 473 
988, 465 
716, 414 
911, 422 
722, 315 
526, 274 
826, 266 
787, 210 
637, 206 
551, 195 
551, 134 
 
1026, 688 
724, 614 
880, 604 
498, 605 
650, 570 
754, 561 
901, 549 
581, 485 
804, 516 
804, 516 
607, 460 
394, 475 
988, 466 
716, 414 
910, 421 
722, 315 
526, 275 
826, 265 
783, 209 
638, 207 
550, 196 
552, 133 
 
1026, 688 
723, 614 
879, 603 
498, 605 
651, 571 
1049, 553 
898, 549 
581, 483 
607, 460 
988, 466 
718, 413 
910, 419 
213, 363 
721, 315 
526, 275 
827, 263 
779, 208 
639, 208 
549, 197 
 
1026, 689 
722, 614 
878, 602 
498, 605 
651, 570 
896, 549 
582, 482 
608, 460 
988, 466 
720, 413 
200, 411 
909, 418 
721, 315 
526, 275 
827, 261 
775, 208 
640, 208 
548, 198 
556, 131 
 
1025, 688 
720, 614 
878, 602 
498, 605 
651, 569 
893, 549 
582, 481 
608, 459 
390, 482 
989, 467 
722, 414 
908, 417 
721, 316 
527, 276 
827, 260 
772, 206 
641, 209 
548, 199 
558, 129 
 
1024, 688 
719, 613 
873, 601 
498, 605 
651, 569 
891, 548 
582, 479 
608, 459 
989, 467 
723, 414 
202, 402 
907, 416 
722, 317 
527, 276 
827, 258 
641, 209 
770, 205 
547, 200 
560, 128 
418, 110 
 
1023, 688 
718, 613 
872, 600 
498, 605 
652, 569 
1047, 558 
889, 548 
609, 458 
582, 478 
989, 468 
724, 415 
907, 415 
208, 408 
390, 451 
390, 451 
724, 318 
527, 276 
827, 256 
641, 209 
767, 205 
546, 200 
561, 127 
 
1023, 687 
717, 613 
498, 605 
653, 569 
887, 548 
582, 476 
611, 458 
389, 491 
989, 468 
725, 415 
906, 414 
725, 318 
272, 306 
528, 277 
826, 254 
641, 209 
545, 200 
762, 204 
562, 125 
 
1025, 687 
716, 613 
498, 605 
655, 569 
878, 578 
878, 578 
791, 532 
791, 532 
589, 469 
989, 468 
726, 416 
905, 413 
728, 318 
529, 278 
826, 252 
544, 201 
757, 203 
563, 124 
 
1027, 686 
715, 613 
498, 605 
658, 569 
878, 577 
878, 577 
791, 533 
791, 533 
390, 496 
989, 468 
589, 467 
728, 417 
904, 411 
729, 318 
529, 278 
826, 251 
543, 201 
753, 201 
564, 123 
 
1031, 684 
714, 613 
498, 605 
662, 569 
877, 577 
877, 577 
790, 534 
790, 534 
989, 468 
589, 465 
729, 418 
418, 426 
201, 411 
903, 410 
213, 368 
731, 318 
529, 279 
826, 249 
542, 202 
748, 198 
564, 121 
 
1034, 683 
712, 612 
498, 605 
664, 568 
875, 577 
875, 577 
817, 549 
781, 531 
781, 531 
390, 501 
989, 468 
589, 463 
200, 424 
426, 429 
730, 418 
902, 409 
734, 317 
529, 279 
826, 247 
541, 202 
744, 195 
565, 120 
 
1036, 682 
711, 612 
498, 605 
667, 568 
874, 576 
874, 576 
817, 548 
780, 532 
780, 532 
391, 502 
989, 468 
588, 461 
433, 432 
732, 419 
901, 408 
282, 326 
736, 317 
529, 279 
827, 246 
539, 202 
739, 191 
565, 119 
 
1038, 681 
710, 612 
498, 605 
669, 567 
873, 575 
873, 575 
817, 548 
779, 533 
779, 533 
391, 507 
988, 468 
588, 459 
440, 436 
733, 419 
901, 407 
283, 329 
738, 316 
529, 279 
827, 244 
538, 203 
734, 187 
565, 118 
 
1039, 680 
709, 612 
498, 605 
671, 567 
872, 574 
872, 574 
817, 548 
779, 535 
779, 535 
988, 468 
588, 458 
448, 440 
733, 420 
900, 406 
284, 331 
740, 316 
529, 279 
827, 243 
537, 204 
729, 182 
566, 117 
 
1040, 680 
708, 612 
498, 605 
672, 566 
870, 572 
870, 572 
787, 539 
787, 539 
988, 468 
587, 456 
456, 445 
734, 420 
899, 405 
285, 333 
742, 316 
529, 278 
827, 241 
537, 204 
725, 179 
566, 115 
 
1039, 679 
707, 612 
498, 605 
674, 566 
869, 571 
869, 571 
786, 540 
786, 540 
988, 467 
587, 454 
735, 420 
898, 404 
287, 336 
744, 315 
529, 278 
827, 240 
641, 210 
536, 206 
722, 177 
567, 114 
 
1038, 678 
706, 612 
498, 605 
675, 565 
867, 570 
867, 570 
786, 542 
786, 542 
393, 510 
586, 452 
468, 455 
736, 420 
897, 403 
288, 337 
746, 314 
529, 278 
828, 238 
640, 210 
535, 207 
719, 174 
566, 113 
 
706, 612 
498, 605 
676, 565 
866, 568 
866, 568 
786, 543 
786, 543 
574, 458 
987, 467 
619, 433 
474, 461 
736, 421 
896, 401 
289, 340 
748, 313 
529, 278 
828, 237 
639, 209 
534, 208 
716, 172 
567, 112 
 
705, 612 
498, 605 
677, 564 
815, 550 
865, 552 
865, 552 
776, 544 
776, 544 
987, 466 
573, 456 
479, 468 
619, 431 
737, 421 
895, 400 
289, 341 
750, 311 
529, 278 
828, 235 
533, 209 
638, 208 
714, 171 
567, 111 
 
704, 612 
498, 605 
679, 563 
814, 553 
776, 546 
776, 546 
864, 551 
864, 551 
988, 466 
572, 455 
483, 474 
620, 428 
737, 421 
894, 399 
291, 343 
752, 309 
528, 277 
829, 233 
532, 210 
637, 207 
711, 169 
567, 110 
 
703, 612 
498, 605 
680, 562 
813, 557 
776, 548 
776, 548 
862, 547 
862, 547 
990, 466 
572, 453 
487, 479 
620, 425 
738, 421 
893, 398 
213, 353 
754, 308 
529, 277 
831, 231 
532, 211 
636, 207 
708, 166 
568, 109 
 
702, 612 
498, 605 
681, 561 
812, 562 
775, 550 
775, 550 
861, 546 
861, 546 
992, 467 
571, 452 
491, 485 
620, 422 
738, 421 
892, 397 
213, 363 
293, 346 
756, 306 
531, 277 
832, 230 
531, 212 
636, 207 
704, 163 
567, 108 
 
702, 612 
498, 605 
682, 560 
812, 566 
774, 553 
774, 553 
860, 545 
860, 545 
1013, 478 
496, 491 
571, 451 
738, 421 
621, 419 
891, 396 
758, 304 
532, 277 
834, 229 
530, 213 
635, 207 
699, 158 
567, 107 
 
701, 612 
498, 605 
683, 560 
812, 570 
774, 555 
774, 555 
858, 544 
858, 544 
1016, 480 
499, 496 
571, 450 
739, 421 
621, 416 
890, 395 
759, 303 
533, 278 
836, 228 
529, 214 
696, 155 
566, 106 
 
700, 612 
498, 605 
684, 559 
812, 574 
772, 558 
772, 558 
856, 545 
856, 545 
1018, 481 
503, 501 
571, 448 
740, 421 
621, 412 
889, 394 
760, 301 
533, 278 
837, 227 
529, 215 
693, 153 
566, 105 
 
699, 612 
1041, 595 
498, 605 
685, 558 
812, 577 
772, 561 
772, 561 
855, 544 
855, 544 
1020, 481 
506, 506 
570, 447 
740, 421 
620, 406 
888, 393 
762, 300 
534, 279 
839, 226 
528, 216 
691, 151 
565, 104 
 
698, 613 
498, 605 
686, 557 
812, 581 
854, 543 
854, 543 
1021, 482 
510, 512 
570, 446 
740, 421 
619, 400 
886, 392 
211, 352 
763, 299 
535, 279 
840, 226 
527, 217 
689, 150 
564, 104 
 
698, 613 
498, 605 
687, 557 
812, 584 
853, 543 
853, 543 
1022, 482 
513, 517 
570, 445 
740, 420 
618, 394 
885, 391 
764, 297 
535, 280 
841, 225 
526, 217 
689, 151 
564, 103 
 
697, 613 
498, 605 
688, 556 
771, 568 
771, 568 
843, 553 
843, 553 
516, 522 
1022, 482 
570, 443 
741, 420 
617, 390 
884, 390 
765, 296 
535, 280 
843, 224 
525, 217 
685, 147 
562, 102 
 
697, 613 
498, 605 
811, 590 
689, 555 
771, 570 
771, 570 
852, 541 
852, 541 
520, 528 
1023, 482 
570, 443 
741, 420 
616, 384 
884, 389 
212, 367 
766, 295 
536, 280 
844, 224 
524, 218 
682, 144 
560, 102 
 
696, 613 
498, 605 
811, 593 
690, 554 
851, 541 
851, 541 
523, 532 
1023, 482 
570, 442 
742, 421 
884, 389 
614, 379 
204, 375 
767, 294 
536, 280 
845, 223 
522, 218 
679, 141 
 
695, 613 
498, 605 
811, 596 
691, 554 
771, 575 
771, 575 
526, 537 
850, 541 
850, 541 
1024, 483 
570, 441 
742, 420 
197, 393 
883, 388 
612, 375 
769, 293 
537, 281 
846, 222 
521, 219 
558, 100 
 
695, 613 
498, 605 
811, 598 
690, 553 
771, 577 
771, 577 
415, 573 
415, 573 
528, 541 
849, 540 
849, 540 
1024, 483 
570, 440 
201, 408 
742, 420 
883, 388 
610, 371 
210, 357 
770, 293 
537, 281 
847, 221 
520, 220 
677, 132 
555, 99 
 
694, 614 
498, 605 
811, 600 
690, 552 
415, 573 
415, 573 
531, 545 
849, 539 
849, 539 
1025, 483 
570, 439 
743, 420 
882, 387 
608, 367 
772, 292 
537, 281 
848, 220 
519, 220 
678, 127 
554, 99 
 
693, 614 
498, 605 
811, 602 
691, 551 
771, 580 
771, 580 
415, 574 
415, 574 
534, 549 
850, 536 
850, 536 
1025, 484 
569, 438 
744, 421 
882, 388 
606, 362 
773, 293 
537, 281 
849, 220 
517, 220 
677, 127 
552, 98 
 
692, 614 
811, 605 
498, 605 
692, 551 
772, 582 
772, 582 
416, 576 
416, 576 
537, 553 
850, 536 
850, 536 
1025, 484 
569, 437 
744, 421 
881, 389 
605, 359 
775, 293 
537, 281 
849, 219 
516, 221 
676, 126 
 
691, 614 
811, 607 
498, 605 
692, 551 
772, 584 
772, 584 
416, 581 
416, 581 
843, 547 
541, 560 
1026, 484 
569, 436 
745, 421 
882, 390 
603, 355 
777, 293 
537, 281 
851, 218 
515, 221 
676, 124 
 
691, 614 
811, 609 
498, 605 
694, 550 
772, 585 
772, 585 
416, 582 
416, 582 
543, 562 
842, 546 
1026, 485 
569, 435 
746, 421 
881, 390 
601, 350 
778, 294 
537, 281 
850, 217 
513, 222 
675, 122 
 
691, 614 
1039, 608 
811, 611 
498, 605 
696, 551 
772, 586 
772, 586 
416, 584 
416, 584 
545, 565 
841, 546 
1027, 485 
569, 434 
746, 420 
881, 391 
598, 347 
780, 294 
536, 281 
852, 216 
512, 222 
675, 119 
 
692, 614 
1033, 614 
811, 613 
498, 605 
697, 551 
772, 587 
772, 587 
416, 586 
416, 586 
547, 568 
841, 545 
1028, 484 
569, 434 
747, 420 
881, 391 
595, 342 
781, 295 
536, 281 
852, 215 
511, 222 
675, 116 
 
693, 614 
1032, 615 
811, 614 
498, 605 
699, 551 
416, 588 
416, 588 
772, 587 
772, 587 
550, 572 
840, 545 
1029, 484 
569, 433 
748, 420 
881, 391 
592, 336 
783, 296 
536, 281 
851, 214 
509, 222 
637, 213 
675, 112 
 
692, 615 
1033, 615 
811, 616 
498, 605 
699, 551 
552, 576 
772, 588 
772, 588 
417, 590 
417, 590 
840, 544 
1028, 484 
569, 432 
748, 420 
881, 391 
590, 333 
784, 296 
536, 280 
508, 223 
852, 213 
675, 112 
 
1075, 640 
692, 615 
811, 617 
498, 605 
699, 551 
553, 579 
417, 592 
417, 592 
839, 543 
1028, 487 
569, 432 
750, 419 
880, 390 
588, 330 
785, 297 
535, 280 
506, 223 
854, 213 
675, 110 
 
1076, 639 
690, 614 
1033, 615 
812, 619 
498, 605 
416, 595 
416, 595 
554, 583 
700, 551 
773, 589 
773, 589 
839, 543 
839, 543 
1027, 490 
569, 431 
750, 419 
880, 390 
585, 325 
786, 297 
535, 280 
505, 223 
856, 212 
674, 109 
 
1076, 639 
689, 614 
1033, 615 
812, 620 
498, 605 
416, 596 
416, 596 
554, 588 
774, 591 
774, 591 
702, 552 
838, 542 
838, 542 
1027, 493 
569, 430 
751, 418 
880, 390 
582, 320 
787, 298 
535, 280 
503, 223 
858, 210 
645, 215 
674, 108 
 
686, 614 
812, 622 
498, 605 
416, 599 
416, 599 
554, 591 
774, 593 
774, 593 
702, 552 
837, 541 
837, 541 
1026, 495 
568, 430 
751, 418 
879, 389 
579, 316 
788, 299 
535, 279 
502, 224 
860, 208 
646, 215 
667, 114 
 
1081, 638 
684, 614 
1033, 618 
498, 605 
415, 601 
415, 601 
553, 595 
703, 553 
837, 541 
837, 541 
1027, 497 
567, 428 
752, 417 
879, 389 
576, 312 
789, 299 
535, 279 
500, 224 
862, 207 
647, 215 
666, 114 
 
1079, 637 
683, 614 
1032, 616 
498, 605 
552, 598 
415, 603 
415, 603 
704, 554 
836, 540 
836, 540 
566, 427 
752, 417 
879, 388 
790, 300 
549, 289 
498, 224 
865, 204 
648, 216 
665, 114 
547, 89 
 
683, 614 
498, 605 
551, 601 
415, 604 
415, 604 
782, 604 
782, 604 
704, 555 
836, 539 
836, 539 
565, 426 
754, 417 
879, 388 
212, 360 
791, 300 
548, 289 
497, 224 
868, 202 
665, 113 
546, 89 
 
682, 614 
1032, 618 
548, 605 
498, 604 
415, 605 
415, 605 
783, 605 
783, 605 
704, 556 
835, 539 
835, 539 
564, 424 
754, 416 
878, 387 
792, 301 
547, 287 
495, 224 
870, 200 
665, 113 
546, 89 
 
682, 614 
1033, 617 
546, 608 
498, 604 
415, 606 
415, 606 
783, 605 
783, 605 
705, 557 
835, 538 
835, 538 
754, 415 
563, 423 
878, 387 
792, 301 
546, 287 
494, 224 
872, 199 
649, 216 
543, 90 
 
683, 615 
1051, 624 
545, 610 
498, 604 
416, 606 
416, 606 
783, 606 
783, 606 
705, 557 
835, 537 
835, 537 
755, 415 
562, 421 
877, 386 
793, 301 
546, 286 
492, 224 
875, 197 
543, 90 
 
684, 615 
543, 613 
498, 604 
416, 607 
416, 607 
783, 607 
783, 607 
705, 558 
834, 537 
834, 537 
755, 414 
560, 420 
877, 386 
212, 353 
794, 302 
545, 285 
490, 224 
650, 215 
877, 195 
542, 89 
 
685, 615 
542, 615 
498, 605 
415, 609 
783, 608 
783, 608 
704, 558 
834, 536 
834, 536 
755, 413 
559, 418 
876, 385 
795, 302 
544, 284 
488, 224 
651, 215 
878, 193 
540, 89 
 
684, 615 
540, 617 
415, 611 
498, 605 
784, 609 
784, 609 
704, 559 
833, 536 
833, 536 
756, 412 
557, 417 
876, 384 
795, 303 
543, 282 
487, 224 
880, 191 
539, 88 
 
683, 615 
538, 619 
415, 612 
498, 605 
784, 609 
784, 609 
704, 559 
833, 535 
833, 535 
756, 411 
556, 415 
876, 384 
212, 361 
796, 303 
542, 282 
485, 224 
883, 189 
537, 89 
 
683, 615 
537, 620 
415, 612 
498, 605 
785, 609 
785, 609 
704, 560 
833, 534 
833, 534 
554, 414 
757, 411 
875, 382 
796, 303 
542, 281 
484, 224 
654, 217 
884, 187 
 
678, 614 
415, 613 
521, 614 
521, 614 
785, 610 
785, 610 
704, 560 
833, 534 
833, 534 
553, 413 
757, 410 
874, 382 
797, 304 
542, 281 
482, 225 
654, 217 
886, 185 
714, 60 
 
678, 614 
520, 615 
520, 615 
785, 611 
785, 611 
704, 562 
832, 534 
832, 534 
553, 413 
758, 410 
874, 382 
797, 304 
542, 281 
480, 225 
654, 216 
888, 182 
 
677, 614 
519, 616 
519, 616 
786, 611 
786, 611 
703, 563 
1067, 538 
832, 533 
832, 533 
551, 412 
758, 409 
874, 381 
798, 304 
542, 281 
479, 225 
654, 216 
890, 180 
387, 116 
722, 57 
 
676, 614 
1041, 623 
518, 616 
518, 616 
786, 610 
786, 610 
703, 563 
1067, 538 
832, 533 
832, 533 
550, 411 
759, 409 
304, 379 
874, 381 
208, 357 
798, 305 
542, 280 
477, 225 
654, 216 
892, 178 
542, 88 
726, 56 
 
675, 614 
1041, 622 
796, 625 
796, 625 
518, 616 
518, 616 
751, 559 
702, 564 
1066, 539 
824, 558 
838, 515 
760, 408 
549, 411 
874, 382 
306, 376 
207, 369 
799, 305 
542, 280 
476, 225 
653, 215 
893, 176 
728, 55 
 
675, 614 
1043, 620 
796, 625 
796, 625 
517, 617 
517, 617 
752, 560 
701, 565 
1066, 540 
825, 558 
838, 514 
760, 408 
549, 410 
875, 384 
312, 371 
800, 306 
541, 280 
475, 225 
653, 215 
894, 174 
731, 54 
 
674, 614 
1042, 620 
797, 626 
797, 626 
516, 617 
753, 560 
701, 565 
1066, 540 
826, 560 
837, 513 
201, 422 
761, 407 
548, 410 
877, 386 
211, 373 
314, 371 
800, 306 
540, 279 
473, 225 
652, 214 
895, 172 
390, 117 
542, 89 
735, 53 
 
674, 614 
798, 626 
1042, 619 
516, 617 
753, 560 
700, 566 
1065, 541 
828, 562 
837, 512 
761, 407 
547, 409 
877, 386 
315, 372 
800, 306 
540, 279 
471, 225 
652, 214 
897, 170 
737, 52 
 
674, 614 
798, 627 
1041, 619 
515, 617 
753, 560 
699, 567 
833, 565 
1065, 542 
837, 512 
762, 406 
546, 409 
878, 387 
801, 307 
539, 278 
471, 225 
898, 168 
740, 52 
 
672, 614 
799, 627 
1040, 619 
515, 617 
836, 567 
699, 568 
1065, 542 
837, 511 
544, 408 
762, 405 
879, 387 
801, 307 
538, 276 
471, 225 
899, 166 
559, 98 
742, 51 
 
672, 614 
800, 628 
514, 617 
754, 561 
838, 568 
698, 569 
1064, 543 
836, 510 
543, 407 
762, 404 
880, 387 
212, 357 
802, 308 
538, 274 
471, 225 
650, 213 
901, 165 
561, 100 
743, 51 
 
669, 614 
801, 628 
514, 618 
754, 561 
839, 569 
697, 570 
836, 509 
763, 404 
881, 388 
528, 398 
802, 309 
537, 273 
472, 225 
902, 163 
562, 101 
744, 50 
 
668, 614 
802, 629 
1036, 619 
513, 618 
754, 561 
841, 570 
697, 572 
836, 508 
763, 403 
882, 388 
527, 397 
204, 383 
803, 310 
536, 272 
472, 225 
650, 213 
905, 161 
563, 101 
745, 50 
 
667, 614 
803, 629 
1035, 620 
512, 618 
843, 571 
754, 561 
696, 572 
835, 507 
763, 402 
884, 389 
526, 397 
205, 382 
803, 312 
536, 272 
473, 225 
650, 213 
907, 160 
566, 103 
746, 49 
 
667, 614 
804, 629 
1034, 619 
511, 618 
845, 571 
754, 561 
695, 573 
835, 507 
764, 401 
885, 389 
525, 396 
803, 314 
535, 271 
474, 225 
651, 213 
909, 159 
370, 112 
567, 104 
746, 49 
 
806, 630 
666, 614 
1034, 619 
511, 618 
846, 572 
695, 575 
754, 561 
835, 506 
764, 400 
886, 389 
525, 396 
803, 316 
535, 270 
474, 225 
651, 213 
912, 159 
566, 105 
748, 49 
 
806, 630 
666, 614 
1036, 618 
510, 618 
848, 573 
754, 561 
694, 575 
834, 505 
211, 403 
764, 399 
887, 390 
524, 396 
803, 318 
536, 271 
474, 225 
652, 213 
914, 159 
566, 106 
752, 48 
 
665, 614 
806, 630 
1037, 617 
438, 592 
849, 573 
694, 576 
754, 561 
834, 504 
191, 450 
765, 398 
887, 390 
523, 396 
803, 320 
536, 272 
475, 225 
651, 213 
916, 159 
566, 107 
759, 48 
 
665, 614 
807, 630 
850, 574 
693, 576 
754, 561 
833, 503 
765, 397 
888, 390 
522, 396 
212, 364 
803, 321 
537, 273 
476, 225 
650, 212 
917, 158 
567, 110 
761, 48 
 
395, 669 
664, 614 
808, 631 
1022, 613 
424, 609 
851, 574 
692, 576 
754, 561 
833, 502 
765, 396 
889, 390 
522, 396 
212, 357 
802, 323 
539, 274 
476, 225 
649, 211 
920, 158 
567, 113 
763, 49 
 
392, 672 
664, 614 
809, 632 
1023, 611 
853, 575 
692, 577 
754, 561 
833, 501 
765, 395 
889, 390 
521, 396 
212, 360 
802, 324 
539, 275 
476, 225 
648, 211 
922, 158 
565, 114 
764, 48 
 
413, 629 
664, 614 
809, 632 
1036, 616 
854, 575 
691, 577 
754, 561 
832, 501 
765, 394 
890, 390 
520, 395 
802, 326 
539, 276 
476, 225 
647, 210 
924, 158 
564, 116 
766, 48 
 
416, 630 
663, 614 
809, 632 
1033, 618 
855, 575 
690, 577 
753, 561 
832, 500 
766, 393 
891, 390 
520, 395 
212, 355 
801, 327 
539, 277 
476, 225 
927, 158 
563, 117 
767, 47 
 
417, 630 
811, 633 
663, 614 
1031, 619 
857, 575 
690, 577 
753, 561 
831, 499 
766, 392 
891, 389 
518, 394 
205, 375 
801, 329 
539, 278 
476, 224 
929, 158 
562, 120 
766, 47 
 
812, 634 
663, 614 
1030, 619 
858, 576 
689, 578 
753, 561 
831, 499 
199, 401 
766, 391 
891, 389 
517, 393 
800, 330 
475, 224 
648, 210 
930, 158 
562, 123 
767, 47 
 
815, 635 
420, 629 
1030, 620 
859, 576 
672, 601 
753, 561 
830, 497 
200, 413 
766, 390 
892, 389 
517, 393 
212, 369 
799, 332 
539, 279 
475, 224 
932, 159 
561, 126 
769, 46 
 
817, 635 
421, 631 
1030, 620 
861, 576 
672, 601 
753, 561 
830, 497 
767, 389 
892, 388 
516, 392 
799, 334 
540, 280 
474, 224 
651, 211 
934, 159 
561, 129 
771, 46 
 
821, 636 
1029, 622 
862, 576 
671, 602 
753, 561 
830, 496 
768, 388 
892, 387 
515, 391 
798, 337 
540, 281 
474, 224 
652, 211 
935, 159 
561, 131 
776, 46 
 
823, 636 
1029, 624 
863, 576 
671, 602 
753, 561 
1016, 524 
829, 495 
893, 387 
515, 391 
787, 356 
787, 356 
540, 281 
473, 223 
652, 210 
937, 158 
560, 133 
 
824, 636 
865, 575 
670, 603 
753, 561 
1017, 525 
829, 495 
893, 386 
514, 390 
786, 358 
786, 358 
539, 281 
472, 223 
652, 210 
938, 158 
560, 137 
 
378, 666 
827, 637 
1029, 618 
866, 575 
669, 603 
753, 561 
1017, 525 
828, 494 
894, 386 
513, 389 
785, 360 
540, 282 
472, 223 
652, 209 
939, 158 
560, 139 
 
377, 665 
829, 637 
1029, 619 
867, 575 
669, 603 
753, 561 
828, 493 
894, 386 
512, 389 
783, 361 
540, 283 
471, 223 
651, 209 
939, 157 
559, 142 
443, 105 
 
377, 665 
1030, 620 
868, 575 
668, 603 
753, 561 
1014, 527 
828, 492 
205, 416 
895, 386 
512, 388 
783, 363 
540, 284 
470, 222 
651, 208 
940, 157 
451, 102 
 
376, 664 
830, 634 
1029, 620 
870, 574 
667, 603 
753, 561 
1013, 529 
827, 492 
310, 393 
896, 386 
511, 388 
782, 364 
541, 284 
469, 222 
651, 208 
941, 156 
558, 147 
 
375, 664 
832, 634 
1029, 620 
870, 574 
667, 604 
753, 561 
1013, 531 
827, 491 
897, 385 
511, 387 
781, 367 
540, 283 
468, 222 
650, 207 
941, 156 
556, 149 
 
374, 664 
834, 635 
1027, 626 
667, 604 
872, 575 
753, 561 
1012, 532 
826, 490 
898, 385 
509, 386 
779, 369 
540, 283 
468, 221 
650, 207 
942, 155 
555, 149 
 
373, 663 
836, 635 
873, 575 
666, 604 
753, 561 
1012, 532 
826, 490 
900, 385 
508, 385 
778, 371 
540, 283 
467, 221 
649, 206 
943, 155 
 
372, 663 
837, 636 
876, 576 
666, 604 
753, 561 
1012, 532 
825, 489 
902, 385 
505, 382 
776, 373 
466, 221 
648, 205 
944, 154 
553, 154 
 
370, 663 
838, 636 
879, 576 
665, 605 
753, 561 
1012, 531 
825, 488 
903, 384 
504, 381 
775, 375 
540, 282 
465, 220 
647, 205 
944, 154 
 
369, 663 
411, 639 
834, 633 
885, 576 
665, 605 
753, 561 
1012, 530 
824, 487 
322, 393 
905, 384 
502, 380 
773, 377 
540, 282 
464, 220 
647, 205 
945, 153 
551, 159 
 
368, 662 
411, 639 
834, 632 
893, 576 
664, 605 
753, 561 
1013, 530 
824, 487 
324, 396 
906, 384 
499, 378 
771, 379 
539, 282 
463, 219 
646, 204 
945, 153 
550, 161 
 
367, 662 
998, 659 
833, 632 
1034, 617 
897, 576 
664, 605 
753, 561 
1015, 526 
823, 486 
326, 397 
908, 385 
497, 377 
769, 380 
538, 282 
462, 219 
646, 204 
946, 152 
549, 163 
 
365, 661 
997, 659 
835, 632 
1032, 617 
902, 576 
663, 605 
753, 561 
1016, 526 
823, 486 
328, 396 
909, 386 
496, 376 
767, 381 
537, 282 
461, 219 
646, 204 
947, 152 
547, 164 
 
364, 661 
995, 660 
1030, 617 
906, 576 
663, 606 
753, 561 
1016, 525 
822, 485 
911, 386 
494, 375 
765, 381 
537, 282 
461, 218 
647, 204 
546, 166 
947, 151 
 
363, 661 
993, 660 
836, 631 
909, 576 
663, 606 
753, 561 
822, 484 
912, 386 
493, 374 
764, 382 
536, 281 
460, 218 
659, 200 
948, 150 
 
362, 660 
992, 661 
838, 629 
913, 576 
662, 606 
753, 561 
1015, 525 
821, 483 
914, 386 
492, 374 
762, 383 
536, 281 
460, 218 
659, 200 
544, 168 
948, 150 
 
360, 660 
990, 661 
916, 576 
662, 607 
754, 561 
1015, 524 
821, 483 
915, 386 
491, 375 
760, 384 
535, 281 
461, 218 
658, 200 
543, 169 
948, 149 
410, 106 
821, 52 
 
359, 659 
989, 662 
840, 628 
919, 575 
662, 606 
754, 561 
1014, 524 
820, 482 
916, 386 
490, 374 
759, 385 
535, 281 
463, 217 
657, 200 
542, 170 
949, 149 
409, 106 
821, 53 
 
358, 659 
987, 662 
841, 627 
923, 575 
661, 607 
754, 561 
1014, 523 
820, 482 
917, 386 
489, 373 
758, 385 
535, 281 
465, 216 
657, 200 
541, 171 
950, 148 
821, 54 
 
985, 662 
357, 658 
842, 626 
929, 575 
661, 607 
753, 561 
1014, 523 
820, 482 
918, 385 
488, 374 
757, 386 
211, 356 
534, 281 
468, 214 
656, 200 
540, 172 
952, 149 
821, 55 
 
983, 663 
360, 648 
1069, 631 
841, 625 
933, 575 
661, 607 
753, 561 
1014, 522 
819, 481 
919, 385 
488, 373 
756, 386 
534, 281 
470, 213 
655, 200 
538, 173 
953, 148 
 
981, 662 
360, 647 
1068, 631 
846, 617 
955, 582 
660, 607 
753, 561 
1013, 522 
819, 480 
921, 385 
487, 372 
756, 386 
534, 282 
471, 211 
654, 200 
537, 173 
953, 148 
 
988, 653 
361, 646 
1066, 630 
847, 615 
660, 607 
754, 561 
1013, 521 
818, 480 
921, 384 
486, 371 
755, 386 
755, 386 
534, 282 
474, 210 
654, 201 
536, 173 
954, 148 
 
1065, 629 
847, 614 
960, 581 
660, 607 
754, 561 
1012, 521 
818, 479 
922, 383 
486, 370 
754, 386 
754, 386 
534, 282 
475, 209 
653, 201 
536, 175 
953, 147 
 
1063, 629 
848, 613 
659, 607 
754, 561 
1011, 520 
818, 479 
923, 383 
212, 365 
486, 370 
753, 386 
753, 386 
549, 285 
509, 280 
477, 208 
652, 201 
536, 178 
953, 147 
 
385, 640 
1062, 628 
850, 612 
965, 581 
659, 608 
753, 561 
1011, 520 
817, 478 
923, 382 
753, 386 
753, 386 
485, 369 
548, 284 
508, 282 
478, 207 
651, 201 
535, 178 
954, 147 
 
972, 658 
388, 639 
1061, 630 
850, 611 
967, 580 
659, 608 
753, 561 
1010, 519 
817, 477 
923, 382 
752, 387 
752, 387 
485, 368 
548, 285 
507, 284 
480, 206 
642, 205 
535, 179 
955, 148 
 
1060, 629 
851, 609 
970, 580 
659, 608 
753, 561 
1009, 518 
816, 477 
924, 381 
751, 387 
751, 387 
484, 367 
212, 361 
507, 287 
548, 285 
480, 205 
641, 205 
536, 180 
957, 150 
 
1058, 628 
853, 608 
972, 579 
659, 609 
753, 561 
1009, 517 
816, 476 
732, 396 
924, 381 
780, 374 
485, 368 
508, 290 
549, 285 
481, 204 
640, 204 
536, 180 
958, 151 
 
936, 687 
1057, 628 
853, 607 
974, 579 
753, 561 
1010, 516 
815, 476 
730, 397 
925, 380 
780, 373 
484, 367 
509, 293 
550, 286 
482, 203 
640, 204 
537, 181 
959, 152 
 
956, 669 
1055, 627 
854, 606 
967, 569 
753, 561 
1012, 516 
815, 475 
728, 398 
925, 380 
780, 374 
484, 366 
509, 295 
551, 286 
483, 202 
640, 205 
538, 182 
960, 153 
 
951, 672 
1053, 627 
854, 605 
970, 568 
753, 561 
1013, 516 
814, 475 
727, 398 
925, 379 
781, 375 
483, 364 
509, 297 
551, 286 
483, 202 
640, 205 
539, 183 
961, 153 
 
